,u,v,depth
2008-01-01-00-00,-6.6600000000000001,2.5600000000000001,50.0
2008-01-01-00-59,-2.9900000000000002,4.9699999999999998,50.0
2008-01-01-02-00,4.5300000000000002,8.1600000000000001,50.0
2008-01-01-03-00,4.4699999999999998,11.27,50.0
2008-01-01-03-59,2.3799999999999999,9.1099999999999994,50.0
2008-01-01-05-00,0.71999999999999997,-5.4100000000000001,50.0
2008-01-01-06-00,-5.2400000000000002,-3.48,50.0
2008-01-01-06-59,-4.6799999999999997,-2.8999999999999999,50.0
2008-01-01-08-00,-11.27,-7.5,50.0
2008-01-01-09-00,-11.050000000000001,-12.630000000000001,50.0
2008-01-01-09-59,-10.57,-10.31,50.0
2008-01-01-11-00,-7.7400000000000002,-6.3799999999999999,50.0
2008-01-01-12-00,-4.0499999999999998,-11.98,50.0
2008-01-01-12-59,-0.96999999999999997,-0.58999999999999997,50.0
2008-01-01-14-00,-0.46999999999999997,2.3599999999999999,50.0
2008-01-01-15-00,-6.3700000000000001,7.3300000000000001,50.0
2008-01-01-15-59,-4.6200000000000001,5.96,50.0
2008-01-01-17-00,-7.3700000000000001,-2.2200000000000002,50.0
2008-01-01-18-00,-6.9699999999999998,-5.4299999999999997,50.0
2008-01-01-18-59,-4.9500000000000002,4.2000000000000002,50.0
2008-01-01-20-00,-8.7599999999999998,0.089999999999999997,50.0
2008-01-01-21-00,-17.43,-2.71,50.0
2008-01-01-21-59,-14.42,-7.0499999999999998,50.0
2008-01-01-23-00,-12.68,-8.7300000000000004,50.0
2008-01-02-00-00,-6.7599999999999998,-7.9699999999999998,50.0
2008-01-02-00-59,-7.6900000000000004,-5.1200000000000001,50.0
2008-01-02-02-00,-12.81,-3.5699999999999998,50.0
2008-01-02-03-00,-6.5999999999999996,2.6899999999999999,50.0
2008-01-02-03-59,-4.5099999999999998,0.47999999999999998,50.0
2008-01-02-05-00,-2.0899999999999999,-1.4299999999999999,50.0
2008-01-02-06-00,-12.050000000000001,3.2000000000000002,50.0
2008-01-02-06-59,-11.630000000000001,-0.41999999999999998,50.0
2008-01-02-08-00,-10.48,-0.089999999999999997,50.0
2008-01-02-09-00,-8.7899999999999991,-4.9100000000000001,50.0
2008-01-02-09-59,-10.59,-3.3500000000000001,50.0
2008-01-02-11-00,-3.8199999999999998,2.4399999999999999,50.0
2008-01-02-12-00,2.8300000000000001,-2.6200000000000001,50.0
2008-01-02-12-59,8.2799999999999994,-0.94999999999999996,50.0
2008-01-02-14-00,10.710000000000001,-14.51,50.0
2008-01-02-15-00,11.02,-15.57,50.0
2008-01-02-15-59,13.630000000000001,-14.51,50.0
2008-01-02-17-00,9.2899999999999991,-15.33,50.0
2008-01-02-18-00,0.82999999999999996,-17.030000000000001,50.0
2008-01-02-18-59,-4.6900000000000004,-12.68,50.0
2008-01-02-20-00,-1.9099999999999999,-10.02,50.0
2008-01-02-21-00,-5.3600000000000003,-6.3200000000000003,50.0
2008-01-02-21-59,-13.85,-8.6500000000000004,50.0
2008-01-02-23-00,-10.44,-10.380000000000001,50.0
2008-01-03-00-00,-5.5,-12.4,50.0
2008-01-03-00-59,2.6899999999999999,-9.0099999999999998,50.0
2008-01-03-02-00,4.8899999999999997,0.35999999999999999,50.0
2008-01-03-03-00,8.8599999999999994,-5.1600000000000001,50.0
2008-01-03-03-59,9.6500000000000004,-10.44,50.0
2008-01-03-05-00,13.029999999999999,-5.5199999999999996,50.0
2008-01-03-06-00,-1.25,-9.4100000000000001,50.0
2008-01-03-06-59,-2.4199999999999999,-13.699999999999999,50.0
2008-01-03-08-00,-3.0299999999999998,-21.359999999999999,50.0
2008-01-03-09-00,-13.529999999999999,-18.859999999999999,50.0
2008-01-03-09-59,-15.69,-11.68,50.0
2008-01-03-11-00,-12.960000000000001,-11.41,50.0
2008-01-03-12-00,-11.81,-12.85,50.0
2008-01-03-12-59,-5.8899999999999997,-12.09,50.0
2008-01-03-14-00,-0.55000000000000004,-11.5,50.0
2008-01-03-15-00,4.3200000000000003,-3.4399999999999999,50.0
2008-01-03-15-59,14.25,-2.1600000000000001,50.0
2008-01-03-17-00,21.190000000000001,1.1899999999999999,50.0
2008-01-03-18-00,21.710000000000001,-3.8700000000000001,50.0
2008-01-03-18-59,13.380000000000001,-5.3200000000000003,50.0
2008-01-03-20-00,8.0600000000000005,-7.0499999999999998,50.0
2008-01-03-21-00,3.2599999999999998,-9.5700000000000003,50.0
2008-01-03-21-59,0.42999999999999999,-14.550000000000001,50.0
2008-01-03-23-00,-6.4900000000000002,-12.57,50.0
2008-01-04-00-00,-4.8300000000000001,-14.699999999999999,50.0
2008-01-04-00-59,-1.6699999999999999,-10.15,50.0
2008-01-04-02-00,3.8799999999999999,-9.9100000000000001,50.0
2008-01-04-03-00,2.8399999999999999,-8.4399999999999995,50.0
2008-01-04-03-59,9.4299999999999997,-2.3900000000000001,50.0
2008-01-04-05-00,10.41,0.69999999999999996,50.0
2008-01-04-06-00,8.2699999999999996,-2.0,50.0
2008-01-04-06-59,6.3499999999999996,-5.46,50.0
2008-01-04-08-00,1.1399999999999999,-4.3499999999999996,50.0
2008-01-04-09-00,2.1099999999999999,-5.5300000000000002,50.0
2008-01-04-09-59,-2.52,-10.08,50.0
2008-01-04-11-00,-3.4399999999999999,-10.140000000000001,50.0
2008-01-04-12-00,-1.4299999999999999,-13.52,50.0
2008-01-04-12-59,3.5299999999999998,-13.76,50.0
2008-01-04-14-00,5.5700000000000003,-11.09,50.0
2008-01-04-15-00,3.0600000000000001,-10.67,50.0
2008-01-04-15-59,3.7599999999999998,-7.6600000000000001,50.0
2008-01-04-17-00,0.72999999999999998,-2.1800000000000002,50.0
2008-01-04-18-00,-2.0299999999999998,1.29,50.0
2008-01-04-18-59,3.8999999999999999,-2.0,50.0
2008-01-04-20-00,-1.3700000000000001,-0.28999999999999998,50.0
2008-01-04-21-00,-0.72999999999999998,0.72999999999999998,50.0
2008-01-04-21-59,-0.62,-1.1100000000000001,50.0
2008-01-04-23-00,1.47,0.32000000000000001,50.0
2008-01-05-00-00,0.57999999999999996,-2.75,50.0
2008-01-05-00-59,8.8300000000000001,2.2200000000000002,50.0
2008-01-05-02-00,13.460000000000001,-1.24,50.0
2008-01-05-03-00,18.600000000000001,-4.6500000000000004,50.0
2008-01-05-03-59,18.82,-6.8799999999999999,50.0
2008-01-05-05-00,23.969999999999999,-0.51000000000000001,50.0
2008-01-05-06-00,23.510000000000002,1.4399999999999999,50.0
2008-01-05-06-59,15.640000000000001,1.6799999999999999,50.0
2008-01-05-08-00,2.8500000000000001,3.1099999999999999,50.0
2008-01-05-09-00,2.8999999999999999,-4.6799999999999997,50.0
2008-01-05-09-59,4.71,-9.1600000000000001,50.0
2008-01-05-11-00,0.75,-9.8800000000000008,50.0
2008-01-05-12-00,-3.5299999999999998,-10.9,50.0
2008-01-05-12-59,0.53000000000000003,-11.289999999999999,50.0
2008-01-05-14-00,5.7300000000000004,-6.5700000000000003,50.0
2008-01-05-15-00,8.4100000000000001,-6.1200000000000001,50.0
2008-01-05-15-59,13.619999999999999,-3.5899999999999999,50.0
2008-01-05-17-00,12.43,-0.17999999999999999,50.0
2008-01-05-18-00,12.65,3.4199999999999999,50.0
2008-01-05-18-59,11.18,3.8300000000000001,50.0
2008-01-05-20-00,9.1899999999999995,4.6100000000000003,50.0
2008-01-05-21-00,0.95999999999999996,-0.45000000000000001,50.0
2008-01-05-21-59,1.3400000000000001,-3.5699999999999998,50.0
2008-01-05-23-00,-0.58999999999999997,-4.8499999999999996,50.0
2008-01-06-00-00,-3.04,-6.0700000000000003,50.0
2008-01-06-00-59,-6.9199999999999999,-5.6200000000000001,50.0
2008-01-06-02-00,-8.5,-1.1899999999999999,50.0
2008-01-06-03-00,-3.0600000000000001,-4.9299999999999997,50.0
2008-01-06-03-59,0.94999999999999996,-6.5899999999999999,50.0
2008-01-06-05-00,9.0600000000000005,1.04,50.0
2008-01-06-06-00,6.3399999999999999,-7.96,50.0
2008-01-06-06-59,2.5600000000000001,-1.6599999999999999,50.0
2008-01-06-08-00,3.3100000000000001,-1.76,50.0
2008-01-06-09-00,-1.78,-1.03,50.0
2008-01-06-09-59,-0.070000000000000007,-2.3100000000000001,50.0
2008-01-06-11-00,-3.8100000000000001,-4.1100000000000003,50.0
2008-01-06-12-00,-5.4400000000000004,2.29,50.0
2008-01-06-12-59,-7.8799999999999999,-3.7200000000000002,50.0
2008-01-06-14-00,-5.1299999999999999,-2.4100000000000001,50.0
2008-01-06-15-00,2.5600000000000001,-6.0300000000000002,50.0
2008-01-06-15-59,4.7000000000000002,-0.41999999999999998,50.0
2008-01-06-17-00,10.18,-6.8600000000000003,50.0
2008-01-06-18-00,9.3699999999999992,-5.1100000000000003,50.0
2008-01-06-18-59,10.210000000000001,-1.1299999999999999,50.0
2008-01-06-20-00,6.4900000000000002,3.8399999999999999,50.0
2008-01-06-21-00,-1.28,-0.98999999999999999,50.0
2008-01-06-21-59,-4.6699999999999999,1.05,50.0
2008-01-06-23-00,-9.4000000000000004,1.5700000000000001,50.0
2008-01-07-00-00,-6.4299999999999997,1.3799999999999999,50.0
2008-01-07-00-59,-8.9100000000000001,-2.6600000000000001,50.0
2008-01-07-02-00,-4.2699999999999996,-1.4299999999999999,50.0
2008-01-07-03-00,-0.75,-1.3600000000000001,50.0
2008-01-07-03-59,1.97,-1.4099999999999999,50.0
2008-01-07-05-00,6.3200000000000003,-3.9100000000000001,50.0
2008-01-07-06-00,3.46,-0.46000000000000002,50.0
2008-01-07-06-59,5.1500000000000004,1.27,50.0
2008-01-07-08-00,5.1699999999999999,-2.7799999999999998,50.0
2008-01-07-09-00,-1.8,0.11,50.0
2008-01-07-09-59,-7.8300000000000001,-3.1800000000000002,50.0
2008-01-07-11-00,-12.359999999999999,-1.8799999999999999,50.0
2008-01-07-12-00,-12.24,-1.95,50.0
2008-01-07-12-59,-12.640000000000001,-1.6499999999999999,50.0
2008-01-07-14-00,-10.1,-0.70999999999999996,50.0
2008-01-07-15-00,-9.8000000000000007,1.8700000000000001,50.0
2008-01-07-15-59,2.7200000000000002,0.68000000000000005,50.0
2008-01-07-17-00,4.5999999999999996,4.6500000000000004,50.0
2008-01-07-18-00,6.8099999999999996,4.5499999999999998,50.0
2008-01-07-18-59,9.25,6.9199999999999999,50.0
2008-01-07-20-00,7.9900000000000002,6.2400000000000002,50.0
2008-01-07-21-00,4.2400000000000002,8.0800000000000001,50.0
2008-01-07-21-59,-1.5,1.23,50.0
2008-01-07-23-00,-5.1399999999999997,2.6899999999999999,50.0
2008-01-08-00-00,-4.1900000000000004,2.6499999999999999,50.0
2008-01-08-00-59,-11.119999999999999,2.8500000000000001,50.0
2008-01-08-02-00,-4.9400000000000004,-2.3500000000000001,50.0
2008-01-08-03-00,-4.4100000000000001,2.6899999999999999,50.0
2008-01-08-03-59,2.8900000000000001,-7.9100000000000001,50.0
2008-01-08-05-00,1.04,4.3600000000000003,50.0
2008-01-08-06-00,5.0099999999999998,0.28999999999999998,50.0
2008-01-08-06-59,2.7400000000000002,5.6799999999999997,50.0
2008-01-08-08-00,5.9800000000000004,9.6199999999999992,50.0
2008-01-08-09-00,1.1200000000000001,7.71,50.0
2008-01-08-09-59,-4.0999999999999996,1.95,50.0
2008-01-08-11-00,-3.98,1.5600000000000001,50.0
2008-01-08-12-00,-9.0,-0.19,50.0
2008-01-08-12-59,-11.18,-1.6499999999999999,50.0
2008-01-08-14-00,-8.3499999999999996,-4.2699999999999996,50.0
2008-01-08-15-00,-2.4199999999999999,-1.73,50.0
2008-01-08-15-59,-1.6899999999999999,-0.28000000000000003,50.0
2008-01-08-17-00,1.54,1.8999999999999999,50.0
2008-01-08-18-00,4.4100000000000001,-1.23,50.0
2008-01-08-18-59,4.2199999999999998,-0.56000000000000005,50.0
2008-01-08-20-00,11.220000000000001,2.5899999999999999,50.0
2008-01-08-21-00,6.6200000000000001,1.5900000000000001,50.0
2008-01-08-21-59,2.2799999999999998,4.4000000000000004,50.0
2008-01-08-23-00,-7.7300000000000004,-0.96999999999999997,50.0
2008-01-09-00-00,-9.1699999999999999,5.4900000000000002,50.0
2008-01-09-00-59,-17.460000000000001,6.1200000000000001,50.0
2008-01-09-02-00,-14.640000000000001,-5.5499999999999998,50.0
2008-01-09-03-00,-5.25,-2.02,50.0
2008-01-09-03-59,-13.130000000000001,-5.7400000000000002,50.0
2008-01-09-05-00,1.52,0.13,50.0
2008-01-09-06-00,2.6000000000000001,-2.1699999999999999,50.0
2008-01-09-06-59,-2.3599999999999999,1.71,50.0
2008-01-09-08-00,3.2200000000000002,4.3600000000000003,50.0
2008-01-09-09-00,-0.20000000000000001,5.7699999999999996,50.0
2008-01-09-09-59,-7.2699999999999996,1.77,50.0
2008-01-09-11-00,-8.3599999999999994,4.4699999999999998,50.0
2008-01-09-12-00,-11.83,1.71,50.0
2008-01-09-12-59,-8.2799999999999994,7.8200000000000003,50.0
2008-01-09-14-00,-12.42,3.4100000000000001,50.0
2008-01-09-15-00,-12.640000000000001,-7.0599999999999996,50.0
2008-01-09-15-59,-2.0,-6.0899999999999999,50.0
2008-01-09-17-00,1.02,-3.5600000000000001,50.0
2008-01-09-18-00,2.4100000000000001,-3.6800000000000002,50.0
2008-01-09-18-59,6.5800000000000001,2.8199999999999998,50.0
2008-01-09-20-00,2.6499999999999999,3.46,50.0
2008-01-09-21-00,4.9699999999999998,5.9000000000000004,50.0
2008-01-09-21-59,-7.5199999999999996,9.1799999999999997,50.0
2008-01-09-23-00,-6.4800000000000004,6.2599999999999998,50.0
2008-01-10-00-00,-11.279999999999999,1.24,50.0
2008-01-10-00-59,-15.19,0.01,50.0
2008-01-10-02-00,-11.710000000000001,3.0899999999999999,50.0
2008-01-10-03-00,-7.5800000000000001,1.78,50.0
2008-01-10-03-59,-16.449999999999999,-2.8500000000000001,50.0
2008-01-10-05-00,2.0,0.98999999999999999,50.0
2008-01-10-06-00,4.4199999999999999,-6.3300000000000001,50.0
2008-01-10-06-59,7.4699999999999998,2.9700000000000002,50.0
2008-01-10-08-00,11.76,7.9500000000000002,50.0
2008-01-10-09-00,3.77,8.9900000000000002,50.0
2008-01-10-09-59,2.6499999999999999,2.7400000000000002,50.0
2008-01-10-11-00,1.22,4.8200000000000003,50.0
2008-01-10-12-00,-6.7999999999999998,-3.5099999999999998,50.0
2008-01-10-12-59,-13.369999999999999,-6.3300000000000001,50.0
2008-01-10-14-00,-13.27,-2.3500000000000001,50.0
2008-01-10-15-00,-14.609999999999999,-4.1900000000000004,50.0
2008-01-10-15-59,-12.550000000000001,-8.4900000000000002,50.0
2008-01-10-17-00,2.4199999999999999,0.28000000000000003,50.0
2008-01-10-18-00,-8.6500000000000004,-2.48,50.0
2008-01-10-18-59,0.84999999999999998,-0.070000000000000007,50.0
2008-01-10-20-00,0.34000000000000002,4.9900000000000002,50.0
2008-01-10-21-00,1.76,11.640000000000001,50.0
2008-01-10-21-59,5.96,12.220000000000001,50.0
2008-01-10-23-00,3.1499999999999999,10.06,50.0
2008-01-11-00-00,-4.0899999999999999,5.9000000000000004,50.0
2008-01-11-00-59,-10.18,3.9500000000000002,50.0
2008-01-11-02-00,-8.9700000000000006,4.8099999999999996,50.0
2008-01-11-03-00,-11.99,0.82999999999999996,50.0
2008-01-11-03-59,-11.619999999999999,-1.5600000000000001,50.0
2008-01-11-05-00,-4.6500000000000004,-6.6399999999999997,50.0
2008-01-11-06-00,0.54000000000000004,-8.7899999999999991,50.0
2008-01-11-06-59,1.3,-8.8900000000000006,50.0
2008-01-11-08-00,0.32000000000000001,-5.8399999999999999,50.0
2008-01-11-09-00,-1.25,-1.0900000000000001,50.0
2008-01-11-09-59,-3.29,3.8399999999999999,50.0
2008-01-11-11-00,-5.6900000000000004,5.3399999999999999,50.0
2008-01-11-12-00,-13.550000000000001,8.0800000000000001,50.0
2008-01-11-12-59,-8.5600000000000005,4.0999999999999996,50.0
2008-01-11-14-00,-10.25,6.0099999999999998,50.0
2008-01-11-15-00,-14.34,0.67000000000000004,50.0
2008-01-11-15-59,-7.4800000000000004,-1.8300000000000001,50.0
2008-01-11-17-00,-10.06,-6.6299999999999999,50.0
2008-01-11-18-00,-8.2699999999999996,-9.2400000000000002,50.0
2008-01-11-18-59,1.26,-12.75,50.0
2008-01-11-20-00,16.399999999999999,-14.75,50.0
2008-01-11-21-00,7.8700000000000001,-18.030000000000001,50.0
2008-01-11-21-59,-3.3799999999999999,-10.33,50.0
2008-01-11-23-00,-3.3900000000000001,-4.5099999999999998,50.0
2008-01-12-00-00,-13.1,-2.2000000000000002,50.0
2008-01-12-00-59,-17.850000000000001,-2.3100000000000001,50.0
2008-01-12-02-00,-23.390000000000001,-2.23,50.0
2008-01-12-03-00,-19.359999999999999,7.6600000000000001,50.0
2008-01-12-03-59,-20.309999999999999,3.3300000000000001,50.0
2008-01-12-05-00,-9.6300000000000008,1.3,50.0
2008-01-12-06-00,-5.5199999999999996,-1.0600000000000001,50.0
2008-01-12-06-59,-2.6699999999999999,2.04,50.0
2008-01-12-08-00,5.0499999999999998,1.24,50.0
2008-01-12-09-00,5.5999999999999996,4.4100000000000001,50.0
2008-01-12-09-59,5.5599999999999996,-0.90000000000000002,50.0
2008-01-12-11-00,7.1500000000000004,3.7200000000000002,50.0
2008-01-12-12-00,-3.3100000000000001,-1.1599999999999999,50.0
2008-01-12-12-59,-10.15,-4.1600000000000001,50.0
2008-01-12-14-00,-12.83,-9.3000000000000007,50.0
2008-01-12-15-00,-18.149999999999999,-5.6200000000000001,50.0
2008-01-12-15-59,-20.280000000000001,-3.6299999999999999,50.0
2008-01-12-17-00,-16.34,-6.1399999999999997,50.0
2008-01-12-18-00,-13.58,-4.5199999999999996,50.0
2008-01-12-18-59,-7.25,-2.29,50.0
2008-01-12-20-00,-0.17000000000000001,3.4900000000000002,50.0
2008-01-12-21-00,-3.6200000000000001,3.54,50.0
2008-01-12-21-59,-2.6800000000000002,3.1800000000000002,50.0
2008-01-12-23-00,2.6499999999999999,11.789999999999999,50.0
2008-01-13-00-00,0.69999999999999996,14.24,50.0
2008-01-13-00-59,-3.9399999999999999,10.83,50.0
2008-01-13-02-00,-11.890000000000001,4.0800000000000001,50.0
2008-01-13-03-00,-8.1300000000000008,8.3800000000000008,50.0
2008-01-13-03-59,-13.98,0.14999999999999999,50.0
2008-01-13-05-00,-10.41,0.029999999999999999,50.0
2008-01-13-06-00,-7.75,-8.8800000000000008,50.0
2008-01-13-06-59,-5.0199999999999996,-7.8899999999999997,50.0
2008-01-13-08-00,-2.3999999999999999,-5.0599999999999996,50.0
2008-01-13-09-00,3.2000000000000002,-3.5499999999999998,50.0
2008-01-13-09-59,-0.19,-2.2400000000000002,50.0
2008-01-13-11-00,1.3500000000000001,1.1100000000000001,50.0
2008-01-13-12-00,-1.6000000000000001,3.3900000000000001,50.0
2008-01-13-12-59,-10.609999999999999,1.4299999999999999,50.0
2008-01-13-14-00,-13.890000000000001,1.6399999999999999,50.0
2008-01-13-15-00,-15.279999999999999,7.5800000000000001,50.0
2008-01-13-15-59,-10.279999999999999,7.5599999999999996,50.0
2008-01-13-17-00,-4.2599999999999998,2.52,50.0
2008-01-13-18-00,-1.8799999999999999,-1.0600000000000001,50.0
2008-01-13-18-59,0.28999999999999998,-1.3700000000000001,50.0
2008-01-13-20-00,1.26,-6.9199999999999999,50.0
2008-01-13-21-00,-1.9199999999999999,-4.1900000000000004,50.0
2008-01-13-21-59,10.98,-0.91000000000000003,50.0
2008-01-13-23-00,11.1,-3.8900000000000001,50.0
2008-01-14-00-00,-1.02,5.7400000000000002,50.0
2008-01-14-00-59,1.3100000000000001,-7.8399999999999999,50.0
2008-01-14-02-00,-6.2300000000000004,-1.48,50.0
2008-01-14-03-00,-11.09,-7.0300000000000002,50.0
2008-01-14-03-59,-18.350000000000001,-6.4000000000000004,50.0
2008-01-14-05-00,-16.48,-8.5700000000000003,50.0
2008-01-14-06-00,-8.0199999999999996,-3.96,50.0
2008-01-14-06-59,4.3099999999999996,-5.9400000000000004,50.0
2008-01-14-08-00,3.8599999999999999,-11.27,50.0
2008-01-14-09-00,5.3799999999999999,-12.6,50.0
2008-01-14-09-59,6.7000000000000002,-14.31,50.0
2008-01-14-11-00,12.140000000000001,-11.5,50.0
2008-01-14-12-00,9.2400000000000002,-13.369999999999999,50.0
2008-01-14-12-59,4.5,-11.710000000000001,50.0
2008-01-14-14-00,5.6900000000000004,-8.25,50.0
2008-01-14-15-00,-4.5300000000000002,-13.58,50.0
2008-01-14-15-59,-0.70999999999999996,-1.1399999999999999,50.0
2008-01-14-17-00,-7.0899999999999999,-26.789999999999999,50.0
2008-01-14-18-00,-18.77,-22.34,50.0
2008-01-14-18-59,-9.9399999999999995,-37.18,50.0
2008-01-14-20-00,-11.289999999999999,-28.100000000000001,50.0
2008-01-14-21-00,-3.5899999999999999,-11.43,50.0
2008-01-14-21-59,-4.9500000000000002,-21.91,50.0
2008-01-14-23-00,-4.0800000000000001,-16.98,50.0
2008-01-15-00-00,3.77,-6.6200000000000001,50.0
2008-01-15-00-59,-1.3700000000000001,-7.5700000000000003,50.0
2008-01-15-02-00,-2.6600000000000001,-6.6900000000000004,50.0
2008-01-15-03-00,-6.5700000000000003,-10.83,50.0
2008-01-15-03-59,-10.550000000000001,-9.2699999999999996,50.0
2008-01-15-05-00,-13.220000000000001,-10.140000000000001,50.0
2008-01-15-06-00,-11.33,-13.44,50.0
2008-01-15-06-59,-14.41,-13.6,50.0
2008-01-15-08-00,-5.25,-16.170000000000002,50.0
2008-01-15-09-00,-4.4400000000000004,-15.73,50.0
2008-01-15-09-59,-5.5499999999999998,-10.02,50.0
2008-01-15-11-00,4.71,-8.4299999999999997,50.0
2008-01-15-12-00,6.04,-8.3599999999999994,50.0
2008-01-15-12-59,6.3600000000000003,-3.6899999999999999,50.0
2008-01-15-14-00,1.3500000000000001,-6.8899999999999997,50.0
2008-01-15-15-00,0.60999999999999999,-10.119999999999999,50.0
2008-01-15-15-59,-3.5299999999999998,-4.0300000000000002,50.0
2008-01-15-17-00,-7.0499999999999998,-10.970000000000001,50.0
2008-01-15-18-00,-10.06,-12.449999999999999,50.0
2008-01-15-18-59,-10.390000000000001,-9.1199999999999992,50.0
2008-01-15-20-00,-4.3300000000000001,-11.02,50.0
2008-01-15-21-00,1.78,-5.1100000000000003,50.0
2008-01-15-21-59,3.4399999999999999,-11.289999999999999,50.0
2008-01-15-23-00,10.08,-8.6600000000000001,50.0
2008-01-16-00-00,5.1900000000000004,-2.1499999999999999,50.0
2008-01-16-00-59,15.33,-1.22,50.0
2008-01-16-02-00,5.5599999999999996,2.0099999999999998,50.0
2008-01-16-03-00,8.4600000000000009,0.96999999999999997,50.0
2008-01-16-03-59,1.6599999999999999,1.1000000000000001,50.0
2008-01-16-05-00,1.3200000000000001,-0.25,50.0
2008-01-16-06-00,2.0099999999999998,-9.9299999999999997,50.0
2008-01-16-06-59,-4.4100000000000001,-11.460000000000001,50.0
2008-01-16-08-00,-8.6500000000000004,-20.27,50.0
2008-01-16-09-00,-5.7800000000000002,-18.300000000000001,50.0
2008-01-16-09-59,7.4800000000000004,-18.449999999999999,50.0
2008-01-16-11-00,3.0,-9.75,50.0
2008-01-16-12-00,8.1500000000000004,-4.1100000000000003,50.0
2008-01-16-12-59,6.3499999999999996,-1.8200000000000001,50.0
2008-01-16-14-00,6.29,-3.8100000000000001,50.0
2008-01-16-15-00,9.8300000000000001,9.2699999999999996,50.0
2008-01-16-15-59,11.25,3.9500000000000002,50.0
2008-01-16-17-00,3.4500000000000002,-0.78000000000000003,50.0
2008-01-16-18-00,1.76,-6.1500000000000004,50.0
2008-01-16-18-59,-1.9199999999999999,-2.7400000000000002,50.0
2008-01-16-20-00,-5.7999999999999998,-9.1500000000000004,50.0
2008-01-16-21-00,-5.0999999999999996,-11.24,50.0
2008-01-16-21-59,2.1400000000000001,-12.18,50.0
2008-01-16-23-00,4.9900000000000002,-9.0700000000000003,50.0
2008-01-17-00-00,7.3600000000000003,-7.1500000000000004,50.0
2008-01-17-00-59,5.1799999999999997,-1.01,50.0
2008-01-17-02-00,8.8300000000000001,4.4000000000000004,50.0
2008-01-17-03-00,14.619999999999999,-6.7300000000000004,50.0
2008-01-17-03-59,8.5500000000000007,-2.23,50.0
2008-01-17-05-00,3.0800000000000001,-5.6699999999999999,50.0
2008-01-17-06-00,-2.6600000000000001,-3.7799999999999998,50.0
2008-01-17-06-59,-5.4299999999999997,-11.539999999999999,50.0
2008-01-17-08-00,-7.1600000000000001,-12.039999999999999,50.0
2008-01-17-09-00,-16.870000000000001,-14.1,50.0
2008-01-17-09-59,-12.69,-4.3700000000000001,50.0
2008-01-17-11-00,-6.1500000000000004,-1.04,50.0
2008-01-17-12-00,-0.77000000000000002,1.96,50.0
2008-01-17-12-59,3.3599999999999999,2.4199999999999999,50.0
2008-01-17-14-00,11.49,6.7300000000000004,50.0
2008-01-17-15-00,10.529999999999999,7.9100000000000001,50.0
2008-01-17-15-59,10.970000000000001,7.0999999999999996,50.0
2008-01-17-17-00,4.4900000000000002,2.8500000000000001,50.0
2008-01-17-18-00,1.96,2.96,50.0
2008-01-17-18-59,-0.029999999999999999,-1.3600000000000001,50.0
2008-01-17-20-00,-0.73999999999999999,-6.1399999999999997,50.0
2008-01-17-21-00,-8.5899999999999999,-7.7699999999999996,50.0
2008-01-17-21-59,-8.4100000000000001,-8.7599999999999998,50.0
2008-01-17-23-00,-6.7800000000000002,-6.8300000000000001,50.0
2008-01-18-00-00,-3.4199999999999999,-3.6800000000000002,50.0
2008-01-18-00-59,0.60999999999999999,-3.5699999999999998,50.0
2008-01-18-02-00,0.5,-2.46,50.0
2008-01-18-03-00,5.2199999999999998,3.5800000000000001,50.0
2008-01-18-03-59,0.93999999999999995,7.9699999999999998,50.0
2008-01-18-05-00,2.46,8.0899999999999999,50.0
2008-01-18-06-00,-5.1799999999999997,2.4700000000000002,50.0
2008-01-18-06-59,-8.2599999999999998,2.3100000000000001,50.0
2008-01-18-08-00,-5.5899999999999999,-1.9099999999999999,50.0
2008-01-18-09-00,-7.2800000000000002,-2.1899999999999999,50.0
2008-01-18-09-59,-16.82,-11.380000000000001,50.0
2008-01-18-11-00,-17.43,-15.4,50.0
2008-01-18-12-00,-7.2699999999999996,-6.5599999999999996,50.0
2008-01-18-12-59,3.1000000000000001,-12.630000000000001,50.0
2008-01-18-14-00,0.059999999999999998,-5.29,50.0
2008-01-18-15-00,6.6299999999999999,-6.4199999999999999,50.0
2008-01-18-15-59,5.2800000000000002,-5.3499999999999996,50.0
2008-01-18-17-00,-0.84999999999999998,-2.8399999999999999,50.0
2008-01-18-18-00,-0.98999999999999999,3.46,50.0
2008-01-18-18-59,-7.1399999999999997,0.23999999999999999,50.0
2008-01-18-20-00,-9.3599999999999994,-6.5300000000000002,50.0
2008-01-18-21-00,-8.9800000000000004,-7.8799999999999999,50.0
2008-01-18-21-59,-17.02,-10.289999999999999,50.0
2008-01-18-23-00,-10.130000000000001,-11.119999999999999,50.0
2008-01-19-00-00,-4.3200000000000003,-2.7000000000000002,50.0
2008-01-19-00-59,3.4399999999999999,-4.0099999999999998,50.0
2008-01-19-02-00,-2.9500000000000002,-6.7699999999999996,50.0
2008-01-19-03-00,5.5899999999999999,1.9099999999999999,50.0
2008-01-19-03-59,13.380000000000001,1.96,50.0
2008-01-19-05-00,11.800000000000001,4.21,50.0
2008-01-19-06-00,8.7599999999999998,0.64000000000000001,50.0
2008-01-19-06-59,5.7199999999999998,-3.25,50.0
2008-01-19-08-00,-3.8900000000000001,-9.6500000000000004,50.0
2008-01-19-09-00,-2.4100000000000001,-17.34,50.0
2008-01-19-09-59,-4.0999999999999996,-16.890000000000001,50.0
2008-01-19-11-00,0.23000000000000001,-23.649999999999999,50.0
2008-01-19-12-00,-8.0800000000000001,-21.149999999999999,50.0
2008-01-19-12-59,-3.21,-16.73,50.0
2008-01-19-14-00,-0.75,-7.1799999999999997,50.0
2008-01-19-15-00,-5.46,-6.3499999999999996,50.0
2008-01-19-15-59,0.23999999999999999,4.2300000000000004,50.0
2008-01-19-17-00,2.9900000000000002,9.1799999999999997,50.0
2008-01-19-18-00,3.6099999999999999,5.9199999999999999,50.0
2008-01-19-18-59,-3.6499999999999999,-0.32000000000000001,50.0
2008-01-19-20-00,0.39000000000000001,5.5199999999999996,50.0
2008-01-19-21-00,-8.9900000000000002,3.77,50.0
2008-01-19-21-59,-9.8200000000000003,-1.6699999999999999,50.0
2008-01-19-23-00,-7.3200000000000003,-2.4100000000000001,50.0
2008-01-20-00-00,2.5699999999999998,-0.62,50.0
2008-01-20-00-59,7.2000000000000002,-1.8899999999999999,50.0
2008-01-20-02-00,11.869999999999999,-13.449999999999999,50.0
2008-01-20-03-00,9.0899999999999999,-8.1099999999999994,50.0
2008-01-20-03-59,12.210000000000001,2.04,50.0
2008-01-20-05-00,15.17,-0.64000000000000001,50.0
2008-01-20-06-00,7.6299999999999999,-3.0099999999999998,50.0
2008-01-20-06-59,-5.4299999999999997,-4.9900000000000002,50.0
2008-01-20-08-00,-6.9900000000000002,1.53,50.0
2008-01-20-09-00,-10.720000000000001,1.8200000000000001,50.0
2008-01-20-09-59,-18.899999999999999,2.7999999999999998,50.0
2008-01-20-11-00,-9.8100000000000005,0.82999999999999996,50.0
2008-01-20-12-00,-5.8399999999999999,-1.78,50.0
2008-01-20-12-59,-1.8600000000000001,-10.94,50.0
2008-01-20-14-00,-1.01,-3.0,50.0
2008-01-20-15-00,9.1199999999999992,-2.79,50.0
2008-01-20-15-59,4.1600000000000001,-1.0900000000000001,50.0
2008-01-20-17-00,7.2300000000000004,5.6100000000000003,50.0
2008-01-20-18-00,16.879999999999999,-2.6499999999999999,50.0
2008-01-20-18-59,17.23,7.75,50.0
2008-01-20-20-00,7.3799999999999999,9.0899999999999999,50.0
2008-01-20-21-00,2.52,4.9900000000000002,50.0
2008-01-20-21-59,-0.56000000000000005,-4.9500000000000002,50.0
2008-01-20-23-00,3.73,1.49,50.0
2008-01-21-00-00,4.1399999999999997,-9.0099999999999998,50.0
2008-01-21-00-59,-0.83999999999999997,-13.76,50.0
2008-01-21-02-00,-2.1699999999999999,-16.02,50.0
2008-01-21-03-00,6.8600000000000003,-9.0600000000000005,50.0
2008-01-21-03-59,5.0599999999999996,-8.9499999999999993,50.0
2008-01-21-05-00,-0.050000000000000003,-6.3600000000000003,50.0
2008-01-21-06-00,4.6299999999999999,0.91000000000000003,50.0
2008-01-21-06-59,5.9800000000000004,8.8900000000000006,50.0
2008-01-21-08-00,3.8599999999999999,13.380000000000001,50.0
2008-01-21-09-00,-10.68,17.640000000000001,50.0
2008-01-21-09-59,-6.2199999999999998,14.44,50.0
2008-01-21-11-00,-2.7400000000000002,8.4700000000000006,50.0
2008-01-21-12-00,-2.8399999999999999,-1.3400000000000001,50.0
2008-01-21-12-59,3.0600000000000001,1.29,50.0
2008-01-21-14-00,11.359999999999999,-2.2599999999999998,50.0
2008-01-21-15-00,12.15,-5.3600000000000003,50.0
2008-01-21-15-59,12.48,-8.6999999999999993,50.0
2008-01-21-17-00,25.260000000000002,0.79000000000000004,50.0
2008-01-21-18-00,19.57,3.9500000000000002,50.0
2008-01-21-18-59,13.43,6.8700000000000001,50.0
2008-01-21-20-00,12.380000000000001,6.8799999999999999,50.0
2008-01-21-21-00,5.2300000000000004,3.8900000000000001,50.0
2008-01-21-21-59,-2.9300000000000002,2.5899999999999999,50.0
2008-01-21-23-00,-2.6099999999999999,4.7599999999999998,50.0
2008-01-22-00-00,-4.5199999999999996,-1.3,50.0
2008-01-22-00-59,-2.8700000000000001,-0.51000000000000001,50.0
2008-01-22-02-00,-2.0499999999999998,-8.8100000000000005,50.0
2008-01-22-03-00,-0.19,-2.2400000000000002,50.0
2008-01-22-03-59,3.0299999999999998,-5.4800000000000004,50.0
2008-01-22-05-00,8.3000000000000007,-4.2800000000000002,50.0
2008-01-22-06-00,11.85,-0.34999999999999998,50.0
2008-01-22-06-59,10.5,4.3600000000000003,50.0
2008-01-22-08-00,14.859999999999999,4.7800000000000002,50.0
2008-01-22-09-00,11.35,5.0199999999999996,50.0
2008-01-22-09-59,4.4699999999999998,3.2599999999999998,50.0
2008-01-22-11-00,-4.8600000000000003,-2.6400000000000001,50.0
2008-01-22-12-00,-1.4199999999999999,-4.4699999999999998,50.0
2008-01-22-12-59,-4.3899999999999997,-9.3699999999999992,50.0
2008-01-22-14-00,-4.5999999999999996,-11.52,50.0
2008-01-22-15-00,-5.3899999999999997,-6.96,50.0
2008-01-22-15-59,1.5900000000000001,0.97999999999999998,50.0
2008-01-22-17-00,8.6999999999999993,-1.6699999999999999,50.0
2008-01-22-18-00,7.3200000000000003,-1.23,50.0
2008-01-22-18-59,3.0899999999999999,-1.71,50.0
2008-01-22-20-00,-2.4500000000000002,6.3700000000000001,50.0
2008-01-22-21-00,9.1799999999999997,8.9800000000000004,50.0
2008-01-22-21-59,1.3500000000000001,12.35,50.0
2008-01-22-23-00,-7.7000000000000002,8.7200000000000006,50.0
2008-01-23-00-00,-12.33,12.9,50.0
2008-01-23-00-59,-15.119999999999999,8.4600000000000009,50.0
2008-01-23-02-00,-10.390000000000001,5.0300000000000002,50.0
2008-01-23-03-00,-8.5399999999999991,11.279999999999999,50.0
2008-01-23-03-59,-4.9100000000000001,-6.0899999999999999,50.0
2008-01-23-05-00,-0.35999999999999999,6.3499999999999996,50.0
2008-01-23-06-00,4.6699999999999999,1.8600000000000001,50.0
2008-01-23-06-59,11.41,2.6499999999999999,50.0
2008-01-23-08-00,12.960000000000001,2.6800000000000002,50.0
2008-01-23-09-00,16.629999999999999,4.7699999999999996,50.0
2008-01-23-09-59,5.5499999999999998,-0.48999999999999999,50.0
2008-01-23-11-00,-7.2400000000000002,2.3999999999999999,50.0
2008-01-23-12-00,-9.1799999999999997,-0.65000000000000002,50.0
2008-01-23-12-59,-9.8300000000000001,-2.7200000000000002,50.0
2008-01-23-14-00,-7.0099999999999998,-7.1100000000000003,50.0
2008-01-23-15-00,-9.4600000000000009,-8.75,50.0
2008-01-23-15-59,-2.8500000000000001,-6.0199999999999996,50.0
2008-01-23-17-00,-2.0899999999999999,0.029999999999999999,50.0
2008-01-23-18-00,4.25,-0.66000000000000003,50.0
2008-01-23-18-59,7.6299999999999999,6.7699999999999996,50.0
2008-01-23-20-00,15.779999999999999,7.75,50.0
2008-01-23-21-00,13.75,11.539999999999999,50.0
2008-01-23-21-59,12.789999999999999,7.6200000000000001,50.0
2008-01-23-23-00,2.5,-0.73999999999999999,50.0
2008-01-24-00-00,-1.21,1.3200000000000001,50.0
2008-01-24-00-59,-6.8399999999999999,-2.27,50.0
2008-01-24-02-00,-15.529999999999999,-6.4299999999999997,50.0
2008-01-24-03-00,-11.82,-5.5700000000000003,50.0
2008-01-24-03-59,-2.5899999999999999,-10.210000000000001,50.0
2008-01-24-05-00,-8.7400000000000002,-5.4199999999999999,50.0
2008-01-24-06-00,7.0899999999999999,-1.5,50.0
2008-01-24-06-59,0.080000000000000002,-2.4700000000000002,50.0
2008-01-24-08-00,5.3200000000000003,-4.4000000000000004,50.0
2008-01-24-09-00,6.3499999999999996,6.5,50.0
2008-01-24-09-59,8.0,5.0999999999999996,50.0
2008-01-24-11-00,2.75,1.3100000000000001,50.0
2008-01-24-12-00,0.39000000000000001,-3.5299999999999998,50.0
2008-01-24-12-59,-11.859999999999999,-5.0700000000000003,50.0
2008-01-24-14-00,-9.1400000000000006,-3.6600000000000001,50.0
2008-01-24-15-00,-13.65,-3.9100000000000001,50.0
2008-01-24-15-59,-3.8900000000000001,-7.46,50.0
2008-01-24-17-00,-3.3199999999999998,-4.3799999999999999,50.0
2008-01-24-18-00,-1.53,0.59999999999999998,50.0
2008-01-24-18-59,5.6200000000000001,1.0900000000000001,50.0
2008-01-24-20-00,5.7000000000000002,4.4400000000000004,50.0
2008-01-24-21-00,2.0299999999999998,7.4500000000000002,50.0
2008-01-24-21-59,4.4800000000000004,8.6699999999999999,50.0
2008-01-24-23-00,0.72999999999999998,0.72999999999999998,50.0
2008-01-25-00-00,-4.0800000000000001,12.039999999999999,50.0
2008-01-25-00-59,-5.5800000000000001,3.5,50.0
2008-01-25-02-00,-5.8700000000000001,6.3300000000000001,50.0
2008-01-25-03-00,-7.5800000000000001,-1.1299999999999999,50.0
2008-01-25-03-59,-8.0700000000000003,-3.04,50.0
2008-01-25-05-00,4.2199999999999998,-2.7400000000000002,50.0
2008-01-25-06-00,1.6000000000000001,-9.2200000000000006,50.0
2008-01-25-06-59,10.449999999999999,-11.779999999999999,50.0
2008-01-25-08-00,10.25,-3.8199999999999998,50.0
2008-01-25-09-00,1.1399999999999999,-5.0800000000000001,50.0
2008-01-25-09-59,19.129999999999999,4.7599999999999998,50.0
2008-01-25-11-00,9.3399999999999999,-1.3799999999999999,50.0
2008-01-25-12-00,-3.8599999999999999,2.2200000000000002,50.0
2008-01-25-12-59,-4.0300000000000002,-4.0700000000000003,50.0
2008-01-25-14-00,-7.1900000000000004,-6.1200000000000001,50.0
2008-01-25-15-00,-4.0700000000000003,-8.6600000000000001,50.0
2008-01-25-15-59,-12.17,-13.06,50.0
2008-01-25-17-00,-5.3099999999999996,-21.390000000000001,50.0
2008-01-25-18-00,-11.17,-10.380000000000001,50.0
2008-01-25-18-59,-0.79000000000000004,-2.3100000000000001,50.0
2008-01-25-20-00,0.34000000000000002,-0.83999999999999997,50.0
2008-01-25-21-00,-0.73999999999999999,-1.04,50.0
2008-01-25-21-59,-0.070000000000000007,1.3300000000000001,50.0
2008-01-25-23-00,9.8399999999999999,7.4000000000000004,50.0
2008-01-26-00-00,-3.96,3.6499999999999999,50.0
2008-01-26-00-59,-3.9900000000000002,2.29,50.0
2008-01-26-02-00,-5.4299999999999997,4.79,50.0
2008-01-26-03-00,-9.5999999999999996,-3.8999999999999999,50.0
2008-01-26-03-59,-7.3300000000000001,-4.1799999999999997,50.0
2008-01-26-05-00,-6.5599999999999996,-3.96,50.0
2008-01-26-06-00,-5.4500000000000002,-3.1200000000000001,50.0
2008-01-26-06-59,1.03,-1.0600000000000001,50.0
2008-01-26-08-00,6.71,2.3399999999999999,50.0
2008-01-26-09-00,9.2200000000000006,6.29,50.0
2008-01-26-09-59,11.5,0.90000000000000002,50.0
2008-01-26-11-00,4.1699999999999999,6.5,50.0
2008-01-26-12-00,3.5,4.1200000000000001,50.0
2008-01-26-12-59,4.3799999999999999,-0.40999999999999998,50.0
2008-01-26-14-00,2.6699999999999999,-2.77,50.0
2008-01-26-15-00,-14.630000000000001,-1.5900000000000001,50.0
2008-01-26-15-59,-9.6099999999999994,-4.21,50.0
2008-01-26-17-00,-3.75,3.29,50.0
2008-01-26-18-00,-3.1200000000000001,2.54,50.0
2008-01-26-18-59,6.7999999999999998,2.0499999999999998,50.0
2008-01-26-20-00,8.9499999999999993,2.8799999999999999,50.0
2008-01-26-21-00,11.0,-0.28000000000000003,50.0
2008-01-26-21-59,12.369999999999999,2.9199999999999999,50.0
2008-01-26-23-00,15.710000000000001,3.98,50.0
2008-01-27-00-00,10.76,6.7300000000000004,50.0
2008-01-27-00-59,8.5899999999999999,-0.55000000000000004,50.0
2008-01-27-02-00,-2.0600000000000001,-2.98,50.0
2008-01-27-03-00,-8.3399999999999999,-1.04,50.0
2008-01-27-03-59,-8.0099999999999998,-2.9199999999999999,50.0
2008-01-27-05-00,-7.7699999999999996,-7.7400000000000002,50.0
2008-01-27-06-00,-9.0,-7.0599999999999996,50.0
2008-01-27-06-59,-6.1600000000000001,-3.54,50.0
2008-01-27-08-00,2.3700000000000001,-3.8999999999999999,50.0
2008-01-27-09-00,8.3399999999999999,-4.0599999999999996,50.0
2008-01-27-09-59,-1.74,-3.7200000000000002,50.0
2008-01-27-11-00,7.46,0.46999999999999997,50.0
2008-01-27-12-00,10.0,3.5899999999999999,50.0
2008-01-27-12-59,-0.27000000000000002,-1.22,50.0
2008-01-27-14-00,-3.9500000000000002,-9.4499999999999993,50.0
2008-01-27-15-00,5.0300000000000002,-0.12,50.0
2008-01-27-15-59,5.1299999999999999,-5.9199999999999999,50.0
2008-01-27-17-00,-1.1899999999999999,-2.0099999999999998,50.0
2008-01-27-18-00,-2.3700000000000001,-9.5199999999999996,50.0
2008-01-27-18-59,1.3,-10.34,50.0
2008-01-27-20-00,-1.8799999999999999,-4.7000000000000002,50.0
2008-01-27-21-00,2.8999999999999999,-13.73,50.0
2008-01-27-21-59,6.7999999999999998,-13.550000000000001,50.0
2008-01-27-23-00,14.630000000000001,-2.0499999999999998,50.0
2008-01-28-00-00,20.289999999999999,0.71999999999999997,50.0
2008-01-28-00-59,7.3300000000000001,1.27,50.0
2008-01-28-02-00,4.71,1.3500000000000001,50.0
2008-01-28-03-00,2.0600000000000001,-19.170000000000002,50.0
2008-01-28-03-59,3.7799999999999998,-21.18,50.0
2008-01-28-05-00,-11.82,-3.3900000000000001,50.0
2008-01-28-06-00,-8.8800000000000008,-22.0,50.0
2008-01-28-06-59,-6.5700000000000003,-7.9199999999999999,50.0
2008-01-28-08-00,3.6699999999999999,-17.149999999999999,50.0
2008-01-28-09-00,7.3300000000000001,-20.469999999999999,50.0
2008-01-28-09-59,-1.4199999999999999,-22.25,50.0
2008-01-28-11-00,13.75,-13.85,50.0
2008-01-28-12-00,7.5199999999999996,-3.3599999999999999,50.0
2008-01-28-12-59,9.8300000000000001,-9.25,50.0
2008-01-28-14-00,11.140000000000001,-17.09,50.0
2008-01-28-15-00,4.46,-0.69999999999999996,50.0
2008-01-28-15-59,0.47999999999999998,-16.190000000000001,50.0
2008-01-28-17-00,2.27,-15.890000000000001,50.0
2008-01-28-18-00,-5.7400000000000002,-30.77,50.0
2008-01-28-18-59,-10.880000000000001,-26.629999999999999,50.0
2008-01-28-20-00,-5.6399999999999997,-15.869999999999999,50.0
2008-01-28-21-00,10.029999999999999,-18.66,50.0
2008-01-28-21-59,6.6299999999999999,-12.25,50.0
2008-01-28-23-00,2.25,-12.57,50.0
2008-01-29-00-00,13.69,-6.3700000000000001,50.0
2008-01-29-00-59,9.6400000000000006,-8.5800000000000001,50.0
2008-01-29-02-00,3.6200000000000001,-16.960000000000001,50.0
2008-01-29-03-00,1.8899999999999999,-8.4000000000000004,50.0
2008-01-29-03-59,6.1200000000000001,-13.02,50.0
2008-01-29-05-00,0.90000000000000002,-22.73,50.0
2008-01-29-06-00,-4.21,-9.6300000000000008,50.0
2008-01-29-06-59,-1.3300000000000001,-20.77,50.0
2008-01-29-08-00,-11.66,-18.120000000000001,50.0
2008-01-29-09-00,-2.0499999999999998,-12.449999999999999,50.0
2008-01-29-09-59,5.7599999999999998,-9.5800000000000001,50.0
2008-01-29-11-00,13.4,-8.6400000000000006,50.0
2008-01-29-12-00,13.550000000000001,-3.71,50.0
2008-01-29-12-59,7.8399999999999999,2.04,50.0
2008-01-29-14-00,17.0,5.29,50.0
2008-01-29-15-00,15.109999999999999,3.1899999999999999,50.0
2008-01-29-15-59,6.3200000000000003,-1.0,50.0
2008-01-29-17-00,5.9500000000000002,-4.4299999999999997,50.0
2008-01-29-18-00,2.25,-8.9299999999999997,50.0
2008-01-29-18-59,2.3300000000000001,-11.4,50.0
2008-01-29-20-00,4.5800000000000001,-9.0899999999999999,50.0
2008-01-29-21-00,10.5,-9.7799999999999994,50.0
2008-01-29-21-59,14.859999999999999,-7.1799999999999997,50.0
2008-01-29-23-00,16.989999999999998,-8.4499999999999993,50.0
2008-01-30-00-00,22.32,-2.0299999999999998,50.0
2008-01-30-00-59,23.82,-0.34999999999999998,50.0
2008-01-30-02-00,22.82,-1.5700000000000001,50.0
2008-01-30-03-00,10.300000000000001,-1.8300000000000001,50.0
2008-01-30-03-59,9.4199999999999999,-0.20999999999999999,50.0
2008-01-30-05-00,2.46,-0.95999999999999996,50.0
2008-01-30-06-00,2.1600000000000001,-2.8100000000000001,50.0
2008-01-30-06-59,2.46,-6.0599999999999996,50.0
2008-01-30-08-00,5.7800000000000002,-7.0800000000000001,50.0
2008-01-30-09-00,4.5800000000000001,-8.3599999999999994,50.0
2008-01-30-09-59,10.800000000000001,-3.5600000000000001,50.0
2008-01-30-11-00,13.220000000000001,-4.7400000000000002,50.0
2008-01-30-12-00,16.780000000000001,-6.6299999999999999,50.0
2008-01-30-12-59,19.300000000000001,-2.3700000000000001,50.0
2008-01-30-14-00,14.98,11.26,50.0
2008-01-30-15-00,16.129999999999999,1.0900000000000001,50.0
2008-01-30-15-59,10.5,-3.96,50.0
2008-01-30-17-00,9.3100000000000005,5.2699999999999996,50.0
2008-01-30-18-00,6.9000000000000004,-5.2000000000000002,50.0
2008-01-30-18-59,5.5800000000000001,-2.77,50.0
2008-01-30-20-00,-3.1699999999999999,-5.2800000000000002,50.0
2008-01-30-21-00,-10.85,-6.4400000000000004,50.0
2008-01-30-21-59,-1.27,-5.3600000000000003,50.0
2008-01-30-23-00,-0.56999999999999995,-5.2599999999999998,50.0
2008-01-31-00-00,-1.53,-5.54,50.0
2008-01-31-00-59,8.8499999999999996,5.04,50.0
2008-01-31-02-00,13.640000000000001,2.8700000000000001,50.0
2008-01-31-03-00,10.94,10.83,50.0
2008-01-31-03-59,11.109999999999999,7.3499999999999996,50.0
2008-01-31-05-00,10.82,-0.02,50.0
2008-01-31-06-00,11.640000000000001,-2.4900000000000002,50.0
2008-01-31-06-59,1.97,-1.4099999999999999,50.0
2008-01-31-08-00,5.0599999999999996,-8.9499999999999993,50.0
2008-01-31-09-00,-0.5,-10.23,50.0
2008-01-31-09-59,6.0199999999999996,-6.4900000000000002,50.0
2008-01-31-11-00,11.140000000000001,-4.4000000000000004,50.0
2008-01-31-12-00,14.93,-3.8300000000000001,50.0
2008-01-31-12-59,7.3499999999999996,-2.0499999999999998,50.0
2008-01-31-14-00,19.510000000000002,-2.0,50.0
2008-01-31-15-00,11.73,1.9099999999999999,50.0
2008-01-31-15-59,7.9900000000000002,4.0599999999999996,50.0
2008-01-31-17-00,6.0999999999999996,3.4100000000000001,50.0
2008-01-31-18-00,4.6299999999999999,-4.1900000000000004,50.0
2008-01-31-18-59,-3.1299999999999999,0.77000000000000002,50.0
2008-01-31-20-00,3.27,0.93999999999999995,50.0
2008-01-31-21-00,-4.4500000000000002,1.01,50.0
2008-01-31-21-59,0.13,-3.71,50.0
2008-01-31-23-00,4.3799999999999999,0.32000000000000001,50.0
2008-02-01-00-00,8.5,-0.98999999999999999,50.0
2008-02-01-00-59,13.25,-4.1100000000000003,50.0
2008-02-01-02-00,13.56,-1.9399999999999999,50.0
2008-02-01-03-00,16.109999999999999,-0.68999999999999995,50.0
2008-02-01-03-59,12.69,-0,50.0
2008-02-01-05-00,11.76,-0.37,50.0
2008-02-01-06-00,7.8600000000000003,-4.9199999999999999,50.0
2008-02-01-06-59,1.28,-2.6499999999999999,50.0
2008-02-01-08-00,-1.4099999999999999,-4.1500000000000004,50.0
2008-02-01-09-00,-1.53,-8.4499999999999993,50.0
2008-02-01-09-59,-3.96,-6.8600000000000003,50.0
2008-02-01-11-00,-0.33000000000000002,-10.81,50.0
2008-02-01-12-00,6.1699999999999999,-5.9299999999999997,50.0
2008-02-01-12-59,7.2699999999999996,-8.3200000000000003,50.0
2008-02-01-14-00,8.1199999999999992,-1.8300000000000001,50.0
2008-02-01-15-00,17.949999999999999,0.88,50.0
2008-02-01-15-59,11.52,1.54,50.0
2008-02-01-17-00,10.9,7.7000000000000002,50.0
2008-02-01-18-00,12.720000000000001,-0.82999999999999996,50.0
2008-02-01-18-59,-4.8799999999999999,3.5899999999999999,50.0
2008-02-01-20-00,1.1399999999999999,-3.6299999999999999,50.0
2008-02-01-21-00,-2.48,-9.1400000000000006,50.0
2008-02-01-21-59,3.3799999999999999,-0.17999999999999999,50.0
2008-02-01-23-00,5.4500000000000002,-14.66,50.0
2008-02-02-00-00,2.7799999999999998,-18.760000000000002,50.0
2008-02-02-00-59,4.7000000000000002,-11.66,50.0
2008-02-02-02-00,4.04,-15.17,50.0
2008-02-02-03-00,4.25,-18.440000000000001,50.0
2008-02-02-03-59,5.5099999999999998,-16.309999999999999,50.0
2008-02-02-05-00,3.7999999999999998,-7.4400000000000004,50.0
2008-02-02-06-00,-5.8099999999999996,-10.93,50.0
2008-02-02-06-59,-14.869999999999999,-10.19,50.0
2008-02-02-08-00,-17.140000000000001,-18.960000000000001,50.0
2008-02-02-09-00,-22.829999999999998,-9.25,50.0
2008-02-02-09-59,-15.23,-15.08,50.0
2008-02-02-11-00,-15.94,-9.3599999999999994,50.0
2008-02-02-12-00,-19.57,-2.4900000000000002,50.0
2008-02-02-12-59,-4.8899999999999997,-3.27,50.0
2008-02-02-14-00,-5.3899999999999997,4.2800000000000002,50.0
2008-02-02-15-00,-1.8300000000000001,3.1200000000000001,50.0
2008-02-02-15-59,3.9700000000000002,11.539999999999999,50.0
2008-02-02-17-00,6.5700000000000003,10.1,50.0
2008-02-02-18-00,5.6100000000000003,7.6399999999999997,50.0
2008-02-02-18-59,8.8100000000000005,5.54,50.0
2008-02-02-20-00,-3.6200000000000001,6.4500000000000002,50.0
2008-02-02-21-00,-1.29,1.6100000000000001,50.0
2008-02-02-21-59,-4.25,-5.4800000000000004,50.0
2008-02-02-23-00,-11.69,-0.95999999999999996,50.0
2008-02-03-00-00,1.9099999999999999,-10.27,50.0
2008-02-03-00-59,0.73999999999999999,-1.1399999999999999,50.0
2008-02-03-02-00,6.9400000000000004,-2.0699999999999998,50.0
2008-02-03-03-00,7.5599999999999996,-4.5899999999999999,50.0
2008-02-03-03-59,7.4400000000000004,-5.25,50.0
2008-02-03-05-00,12.43,-2.3599999999999999,50.0
2008-02-03-06-00,9.1199999999999992,3.0299999999999998,50.0
2008-02-03-06-59,4.5300000000000002,2.3399999999999999,50.0
2008-02-03-08-00,-0.53000000000000003,-2.8599999999999999,50.0
2008-02-03-09-00,-3.3100000000000001,-4.7999999999999998,50.0
2008-02-03-09-59,-7.0999999999999996,-4.6399999999999997,50.0
2008-02-03-11-00,-5.1699999999999999,-4.0800000000000001,50.0
2008-02-03-12-00,-7.3200000000000003,-0.94999999999999996,50.0
2008-02-03-12-59,-9.7699999999999996,-1.1399999999999999,50.0
2008-02-03-14-00,-7.0099999999999998,3.3999999999999999,50.0
2008-02-03-15-00,1.1100000000000001,3.75,50.0
2008-02-03-15-59,5.3600000000000003,0.91000000000000003,50.0
2008-02-03-17-00,7.2699999999999996,6.5599999999999996,50.0
2008-02-03-18-00,6.5099999999999998,4.1500000000000004,50.0
2008-02-03-18-59,7.1799999999999997,-0.02,50.0
2008-02-03-20-00,-1.4199999999999999,0.94999999999999996,50.0
2008-02-03-21-00,-2.6099999999999999,-1.0600000000000001,50.0
2008-02-03-21-59,-4.0199999999999996,-1.5700000000000001,50.0
2008-02-03-23-00,-6.4900000000000002,-3.8399999999999999,50.0
2008-02-04-00-00,-8.3499999999999996,-3.54,50.0
2008-02-04-00-59,-5.4800000000000004,-1.5700000000000001,50.0
2008-02-04-02-00,-3.5600000000000001,1.1599999999999999,50.0
2008-02-04-03-00,-0.47999999999999998,4.2300000000000004,50.0
2008-02-04-03-59,1.3600000000000001,3.6099999999999999,50.0
2008-02-04-05-00,4.9400000000000004,3.0800000000000001,50.0
2008-02-04-06-00,5.8899999999999997,4.5,50.0
2008-02-04-06-59,6.5800000000000001,2.0899999999999999,50.0
2008-02-04-08-00,2.7200000000000002,2.1299999999999999,50.0
2008-02-04-09-00,-4.6299999999999999,-0.91000000000000003,50.0
2008-02-04-09-59,-7.5499999999999998,-0.5,50.0
2008-02-04-11-00,-8.0399999999999991,0.089999999999999997,50.0
2008-02-04-12-00,-6.96,-2.2000000000000002,50.0
2008-02-04-12-59,-5.9400000000000004,1.1100000000000001,50.0
2008-02-04-14-00,-1.75,0.64000000000000001,50.0
2008-02-04-15-00,1.03,-3.2400000000000002,50.0
2008-02-04-15-59,8.6099999999999994,0.080000000000000002,50.0
2008-02-04-17-00,9.9000000000000004,3.5699999999999998,50.0
2008-02-04-18-00,11.23,4.3700000000000001,50.0
2008-02-04-18-59,12.970000000000001,5.9100000000000001,50.0
2008-02-04-20-00,6.4299999999999997,0.80000000000000004,50.0
2008-02-04-21-00,-1.1599999999999999,3.3100000000000001,50.0
2008-02-04-21-59,-0.34000000000000002,-1.3500000000000001,50.0
2008-02-04-23-00,-2.8300000000000001,-3.9300000000000002,50.0
2008-02-05-00-00,-3.0699999999999998,-2.3399999999999999,50.0
2008-02-05-00-59,-5.9100000000000001,-6.5899999999999999,50.0
2008-02-05-02-00,-3.4300000000000002,-6.1799999999999997,50.0
2008-02-05-03-00,-0.85999999999999999,-1.7,50.0
2008-02-05-03-59,2.6400000000000001,-1.22,50.0
2008-02-05-05-00,5.4100000000000001,-0.73999999999999999,50.0
2008-02-05-06-00,6.5899999999999999,1.6799999999999999,50.0
2008-02-05-06-59,6.9199999999999999,-0.20000000000000001,50.0
2008-02-05-08-00,2.98,-2.0600000000000001,50.0
2008-02-05-09-00,-1.5,-1.6799999999999999,50.0
2008-02-05-09-59,-3.6800000000000002,-3.8599999999999999,50.0
2008-02-05-11-00,-9.4600000000000009,-6.5599999999999996,50.0
2008-02-05-12-00,-5.8700000000000001,-11.460000000000001,50.0
2008-02-05-12-59,-10.609999999999999,-6.8899999999999997,50.0
2008-02-05-14-00,-0.31,-9.4499999999999993,50.0
2008-02-05-15-00,-0.080000000000000002,-7.7199999999999998,50.0
2008-02-05-15-59,3.0800000000000001,-1.3,50.0
2008-02-05-17-00,3.9300000000000002,-0.64000000000000001,50.0
2008-02-05-18-00,2.3700000000000001,1.51,50.0
2008-02-05-18-59,-6.1799999999999997,1.97,50.0
2008-02-05-20-00,-3.52,2.1099999999999999,50.0
2008-02-05-21-00,-4.1100000000000003,3.0899999999999999,50.0
2008-02-05-21-59,-14.960000000000001,-1.8999999999999999,50.0
2008-02-05-23-00,-15.859999999999999,-0.91000000000000003,50.0
2008-02-06-00-00,-12.82,3.71,50.0
2008-02-06-00-59,-13.44,1.8700000000000001,50.0
2008-02-06-02-00,-16.32,-0.40999999999999998,50.0
2008-02-06-03-00,-14.779999999999999,2.9399999999999999,50.0
2008-02-06-03-59,-9.2899999999999991,2.6400000000000001,50.0
2008-02-06-05-00,-2.0099999999999998,1.9199999999999999,50.0
2008-02-06-06-00,6.2000000000000002,-3.1099999999999999,50.0
2008-02-06-06-59,6.4199999999999999,-1.7,50.0
2008-02-06-08-00,2.29,-0.38,50.0
2008-02-06-09-00,-0.92000000000000004,-0.78000000000000003,50.0
2008-02-06-09-59,-9.3699999999999992,-2.8900000000000001,50.0
2008-02-06-11-00,-10.029999999999999,-2.04,50.0
2008-02-06-12-00,-16.07,-2.0099999999999998,50.0
2008-02-06-12-59,-13.390000000000001,-7.3799999999999999,50.0
2008-02-06-14-00,-14.720000000000001,-3.8100000000000001,50.0
2008-02-06-15-00,-10.51,-1.45,50.0
2008-02-06-15-59,1.8200000000000001,3.4399999999999999,50.0
2008-02-06-17-00,5.2699999999999996,1.2,50.0
2008-02-06-18-00,0.71999999999999997,3.6400000000000001,50.0
2008-02-06-18-59,1.0700000000000001,6.4400000000000004,50.0
2008-02-06-20-00,11.09,9.9399999999999995,50.0
2008-02-06-21-00,7.8799999999999999,9.5399999999999991,50.0
2008-02-06-21-59,2.71,-2.5499999999999998,50.0
2008-02-06-23-00,-1.75,5.0099999999999998,50.0
2008-02-07-00-00,3.02,-0.38,50.0
2008-02-07-00-59,0.46000000000000002,-6.3200000000000003,50.0
2008-02-07-02-00,-6.79,-10.789999999999999,50.0
2008-02-07-03-00,2.1400000000000001,-13.640000000000001,50.0
2008-02-07-03-59,6.5800000000000001,-17.149999999999999,50.0
2008-02-07-05-00,4.2699999999999996,-23.949999999999999,50.0
2008-02-07-06-00,5.8200000000000003,-22.469999999999999,50.0
2008-02-07-06-59,7.5199999999999996,-24.059999999999999,50.0
2008-02-07-08-00,3.2400000000000002,-17.48,50.0
2008-02-07-09-00,-7.0700000000000003,-5.46,50.0
2008-02-07-09-59,-9.0199999999999996,-5.1900000000000004,50.0
2008-02-07-11-00,-6.5300000000000002,-13.52,50.0
2008-02-07-12-00,-8.25,-9.3300000000000001,50.0
2008-02-07-12-59,-7.3300000000000001,-5.6399999999999997,50.0
2008-02-07-14-00,-4.9699999999999998,-21.5,50.0
2008-02-07-15-00,-8.5899999999999999,-13.59,50.0
2008-02-07-15-59,-5.75,-17.670000000000002,50.0
2008-02-07-17-00,5.5099999999999998,-18.5,50.0
2008-02-07-18-00,1.1699999999999999,-18.600000000000001,50.0
2008-02-07-18-59,7.4199999999999999,-4.1100000000000003,50.0
2008-02-07-20-00,9.2599999999999998,-16.690000000000001,50.0
2008-02-07-21-00,6.1699999999999999,-13.52,50.0
2008-02-07-21-59,1.8999999999999999,-8.0899999999999999,50.0
2008-02-07-23-00,-0.37,-5.6200000000000001,50.0
2008-02-08-00-00,-10.42,-15.16,50.0
2008-02-08-00-59,-11.27,-12.59,50.0
2008-02-08-02-00,-15.84,-15.880000000000001,50.0
2008-02-08-03-00,-13.83,-12.710000000000001,50.0
2008-02-08-03-59,-13.33,-23.899999999999999,50.0
2008-02-08-05-00,-6.5899999999999999,-16.559999999999999,50.0
2008-02-08-06-00,-7.3600000000000003,-4.8099999999999996,50.0
2008-02-08-06-59,8.4499999999999993,-3.71,50.0
2008-02-08-08-00,5.25,-3.0699999999999998,50.0
2008-02-08-09-00,6.5899999999999999,-1.23,50.0
2008-02-08-09-59,5.2400000000000002,-4.8399999999999999,50.0
2008-02-08-11-00,-5.4900000000000002,-9.1699999999999999,50.0
2008-02-08-12-00,-7.3300000000000001,-3.4500000000000002,50.0
2008-02-08-12-59,-17.52,-2.7400000000000002,50.0
2008-02-08-14-00,-19.02,-6.5999999999999996,50.0
2008-02-08-15-00,-17.16,-13.449999999999999,50.0
2008-02-08-15-59,-14.970000000000001,-5.8499999999999996,50.0
2008-02-08-17-00,-11.81,-8.1699999999999999,50.0
2008-02-08-18-00,1.8899999999999999,-6.2199999999999998,50.0
2008-02-08-18-59,8.4399999999999995,-6.21,50.0
2008-02-08-20-00,13.41,-6.1399999999999997,50.0
2008-02-08-21-00,13.300000000000001,-7.21,50.0
2008-02-08-21-59,9.8699999999999992,-3.2000000000000002,50.0
2008-02-08-23-00,5.7599999999999998,-4.4900000000000002,50.0
2008-02-09-00-00,-2.8300000000000001,-12.98,50.0
2008-02-09-00-59,-7.5999999999999996,-14.140000000000001,50.0
2008-02-09-02-00,-13.5,-14.59,50.0
2008-02-09-03-00,-16.859999999999999,-19.920000000000002,50.0
2008-02-09-03-59,-8.4299999999999997,-16.670000000000002,50.0
2008-02-09-05-00,-9.9199999999999999,-10.02,50.0
2008-02-09-06-00,-4.6500000000000004,-8.0899999999999999,50.0
2008-02-09-06-59,0.26000000000000001,-8.8699999999999992,50.0
2008-02-09-08-00,4.6200000000000001,-5.96,50.0
2008-02-09-09-00,0.54000000000000004,-5.1500000000000004,50.0
2008-02-09-09-59,2.46,0.5,50.0
2008-02-09-11-00,-0.11,-0.34000000000000002,50.0
2008-02-09-12-00,-5.7300000000000004,0.02,50.0
2008-02-09-12-59,-11.779999999999999,-1.71,50.0
2008-02-09-14-00,-9.3200000000000003,-6.3099999999999996,50.0
2008-02-09-15-00,-9.5899999999999999,-9.7200000000000006,50.0
2008-02-09-15-59,-8.8200000000000003,-14.6,50.0
2008-02-09-17-00,-7.29,-9.0600000000000005,50.0
2008-02-09-18-00,-2.4500000000000002,-9.2300000000000004,50.0
2008-02-09-18-59,4.0700000000000003,-8.4000000000000004,50.0
2008-02-09-20-00,8.9800000000000004,-8.4499999999999993,50.0
2008-02-09-21-00,7.0999999999999996,-8.0600000000000005,50.0
2008-02-09-21-59,10.51,2.9100000000000001,50.0
2008-02-09-23-00,7.5,-0.76000000000000001,50.0
2008-02-10-00-00,0.42999999999999999,-2.5800000000000001,50.0
2008-02-10-00-59,-13.17,1.3200000000000001,50.0
2008-02-10-02-00,-17.780000000000001,-3.6400000000000001,50.0
2008-02-10-03-00,-19.170000000000002,-2.79,50.0
2008-02-10-03-59,-17.050000000000001,-10.92,50.0
2008-02-10-05-00,-16.030000000000001,-13.75,50.0
2008-02-10-06-00,-8.3499999999999996,-11.130000000000001,50.0
2008-02-10-06-59,-5.5599999999999996,-7.1100000000000003,50.0
2008-02-10-08-00,-2.2799999999999998,-5.1299999999999999,50.0
2008-02-10-09-00,5.7999999999999998,0.10000000000000001,50.0
2008-02-10-09-59,2.5800000000000001,-2.48,50.0
2008-02-10-11-00,3.3500000000000001,-0.080000000000000002,50.0
2008-02-10-12-00,-3.96,-0.71999999999999997,50.0
2008-02-10-12-59,-13.300000000000001,2.1200000000000001,50.0
2008-02-10-14-00,-17.039999999999999,-2.6000000000000001,50.0
2008-02-10-15-00,-16.989999999999998,-2.0600000000000001,50.0
2008-02-10-15-59,-18.25,-4.9199999999999999,50.0
2008-02-10-17-00,-18.370000000000001,-9.9499999999999993,50.0
2008-02-10-18-00,-9.5700000000000003,-8.3599999999999994,50.0
2008-02-10-18-59,-2.6600000000000001,-9.5999999999999996,50.0
2008-02-10-20-00,5.75,-5.5300000000000002,50.0
2008-02-10-21-00,5.3899999999999997,-7.1900000000000004,50.0
2008-02-10-21-59,6.4699999999999998,-4.0700000000000003,50.0
2008-02-10-23-00,1.8899999999999999,7.9299999999999997,50.0
2008-02-11-00-00,-2.75,2.3300000000000001,50.0
2008-02-11-00-59,-15.69,1.02,50.0
2008-02-11-02-00,-16.25,-1.02,50.0
2008-02-11-03-00,-20.57,-2.9900000000000002,50.0
2008-02-11-03-59,-7.75,3.0800000000000001,50.0
2008-02-11-05-00,-14.94,-3.04,50.0
2008-02-11-06-00,-15.869999999999999,-9.2300000000000004,50.0
2008-02-11-06-59,-3.9100000000000001,4.1900000000000004,50.0
2008-02-11-08-00,2.3199999999999998,-0.47999999999999998,50.0
2008-02-11-09-00,4.8799999999999999,-0.68000000000000005,50.0
2008-02-11-09-59,4.2300000000000004,5.5800000000000001,50.0
2008-02-11-11-00,6.0499999999999998,9.0199999999999996,50.0
2008-02-11-12-00,-4.9500000000000002,4.9299999999999997,50.0
2008-02-11-12-59,-10.609999999999999,-9.0800000000000001,50.0
2008-02-11-14-00,-0.84999999999999998,-11.9,50.0
2008-02-11-15-00,-2.25,-13.550000000000001,50.0
2008-02-11-15-59,-5.7400000000000002,-15.9,50.0
2008-02-11-17-00,-8.8699999999999992,-13.68,50.0
2008-02-11-18-00,-10.16,-17.890000000000001,50.0
2008-02-11-18-59,-5.7400000000000002,-15.9,50.0
2008-02-11-20-00,-1.8700000000000001,-2.2000000000000002,50.0
2008-02-11-21-00,1.74,2.27,50.0
2008-02-11-21-59,2.7400000000000002,2.7599999999999998,50.0
2008-02-11-23-00,7.7400000000000002,9.2899999999999991,50.0
2008-02-12-00-00,2.8799999999999999,8.8399999999999999,50.0
2008-02-12-00-59,2.29,7.6299999999999999,50.0
2008-02-12-02-00,-3.8999999999999999,1.27,50.0
2008-02-12-03-00,-1.8100000000000001,1.25,50.0
2008-02-12-03-59,-3.0299999999999998,-2.1200000000000001,50.0
2008-02-12-05-00,-8.1400000000000006,-6.0800000000000001,50.0
2008-02-12-06-00,-3.9300000000000002,-11.32,50.0
2008-02-12-06-59,-3.21,-8.4100000000000001,50.0
2008-02-12-08-00,1.49,-6.6500000000000004,50.0
2008-02-12-09-00,6.3499999999999996,-6.9199999999999999,50.0
2008-02-12-09-59,0.87,-0.47999999999999998,50.0
2008-02-12-11-00,8.9299999999999997,1.52,50.0
2008-02-12-12-00,5.6299999999999999,4.3200000000000003,50.0
2008-02-12-12-59,-1.23,5.3700000000000001,50.0
2008-02-12-14-00,-3.1200000000000001,1.8100000000000001,50.0
2008-02-12-15-00,-0.20000000000000001,-1.1000000000000001,50.0
2008-02-12-15-59,-7.6500000000000004,-1.99,50.0
2008-02-12-17-00,-7.2800000000000002,-1.46,50.0
2008-02-12-18-00,-8.7899999999999991,-5.6399999999999997,50.0
2008-02-12-18-59,-3.6200000000000001,-8.4199999999999999,50.0
2008-02-12-20-00,-0.47999999999999998,-10.65,50.0
2008-02-12-21-00,2.29,-5.0700000000000003,50.0
2008-02-12-21-59,0.02,-5.5099999999999998,50.0
2008-02-12-23-00,0.20999999999999999,-1.8100000000000001,50.0
2008-02-13-00-00,2.79,1.53,50.0
2008-02-13-00-59,-3.1200000000000001,3.9900000000000002,50.0
2008-02-13-02-00,-7.0099999999999998,1.9399999999999999,50.0
2008-02-13-03-00,-11.73,1.01,50.0
2008-02-13-03-59,-13.869999999999999,-0.23000000000000001,50.0
2008-02-13-05-00,-13.529999999999999,-3.98,50.0
2008-02-13-06-00,-14.24,-8.0399999999999991,50.0
2008-02-13-06-59,-13.43,-3.96,50.0
2008-02-13-08-00,-8.8800000000000008,-2.7599999999999998,50.0
2008-02-13-09-00,-6.1200000000000001,-1.8600000000000001,50.0
2008-02-13-09-59,-4.4000000000000004,-5.3200000000000003,50.0
2008-02-13-11-00,-5.0,2.9300000000000002,50.0
2008-02-13-12-00,0.38,3.75,50.0
2008-02-13-12-59,-5.5099999999999998,5.8099999999999996,50.0
2008-02-13-14-00,-9.4399999999999995,-0.11,50.0
2008-02-13-15-00,-19.120000000000001,-2.2599999999999998,50.0
2008-02-13-15-59,-21.93,-4.4199999999999999,50.0
2008-02-13-17-00,-22.16,-9.7899999999999991,50.0
2008-02-13-18-00,-20.25,-8.8200000000000003,50.0
2008-02-13-18-59,-22.16,-9.0600000000000005,50.0
2008-02-13-20-00,-20.82,0.79000000000000004,50.0
2008-02-13-21-00,-19.539999999999999,-9.1400000000000006,50.0
2008-02-13-21-59,-19.199999999999999,-4.8799999999999999,50.0
2008-02-13-23-00,-16.170000000000002,-8.1699999999999999,50.0
2008-02-14-00-00,-7.1399999999999997,-2.6699999999999999,50.0
2008-02-14-00-59,-8.0999999999999996,-4.4000000000000004,50.0
2008-02-14-02-00,-9.1300000000000008,-8.4399999999999995,50.0
2008-02-14-03-00,-13.06,-6.3399999999999999,50.0
2008-02-14-03-59,-16.649999999999999,-7.5800000000000001,50.0
2008-02-14-05-00,-13.380000000000001,-13.93,50.0
2008-02-14-06-00,-8.5700000000000003,-16.920000000000002,50.0
2008-02-14-06-59,-8.4399999999999995,-11.57,50.0
2008-02-14-08-00,-7.2199999999999998,-15.800000000000001,50.0
2008-02-14-09-00,-8.0399999999999991,-22.379999999999999,50.0
2008-02-14-09-59,-3.7599999999999998,-16.27,50.0
2008-02-14-11-00,-9.5600000000000005,-12.0,50.0
2008-02-14-12-00,-1.1899999999999999,-6.3700000000000001,50.0
2008-02-14-12-59,6.9299999999999997,-4.5700000000000003,50.0
2008-02-14-14-00,8.3499999999999996,5.7199999999999998,50.0
2008-02-14-15-00,5.54,0.65000000000000002,50.0
2008-02-14-15-59,-4.6600000000000001,-6.2300000000000004,50.0
2008-02-14-17-00,-3.25,-17.68,50.0
2008-02-14-18-00,-8.4100000000000001,-13.85,50.0
2008-02-14-18-59,-18.57,-18.329999999999998,50.0
2008-02-14-20-00,-12.529999999999999,-23.780000000000001,50.0
2008-02-14-21-00,-18.52,-20.289999999999999,50.0
2008-02-14-21-59,-5.9299999999999997,-17.41,50.0
2008-02-14-23-00,-11.67,-10.109999999999999,50.0
2008-02-15-00-00,-7.0300000000000002,-8.1500000000000004,50.0
2008-02-15-00-59,-2.23,-6.3600000000000003,50.0
2008-02-15-02-00,-3.9500000000000002,5.4199999999999999,50.0
2008-02-15-03-00,2.8700000000000001,1.97,50.0
2008-02-15-03-59,-15.08,-1.1000000000000001,50.0
2008-02-15-05-00,-7.0499999999999998,-8.7799999999999994,50.0
2008-02-15-06-00,-12.890000000000001,-4.7400000000000002,50.0
2008-02-15-06-59,-13.08,-6.25,50.0
2008-02-15-08-00,-12.08,-6.4800000000000004,50.0
2008-02-15-09-00,-19.84,-7.3499999999999996,50.0
2008-02-15-09-59,-1.5900000000000001,-3.1600000000000001,50.0
2008-02-15-11-00,-3.25,-3.5299999999999998,50.0
2008-02-15-12-00,-8.4800000000000004,1.6299999999999999,50.0
2008-02-15-12-59,1.98,0.35999999999999999,50.0
2008-02-15-14-00,3.5899999999999999,8.5199999999999996,50.0
2008-02-15-15-00,-1.24,-0.040000000000000001,50.0
2008-02-15-15-59,-7.8899999999999997,5.75,50.0
2008-02-15-17-00,-14.109999999999999,0.94999999999999996,50.0
2008-02-15-18-00,-14.57,5.8099999999999996,50.0
2008-02-15-18-59,-14.130000000000001,-0.40999999999999998,50.0
2008-02-15-20-00,-19.57,-0.31,50.0
2008-02-15-21-00,-22.510000000000002,-6.7699999999999996,50.0
2008-02-15-21-59,-15.02,-4.2000000000000002,50.0
2008-02-15-23-00,-11.57,1.8799999999999999,50.0
2008-02-16-00-00,4.5999999999999996,-0.45000000000000001,50.0
2008-02-16-00-59,0.23000000000000001,6.0999999999999996,50.0
2008-02-16-02-00,8.6799999999999997,5.2999999999999998,50.0
2008-02-16-03-00,9.6300000000000008,1.6200000000000001,50.0
2008-02-16-03-59,3.3999999999999999,7.0099999999999998,50.0
2008-02-16-05-00,-3.29,3.8399999999999999,50.0
2008-02-16-06-00,-2.9700000000000002,5.29,50.0
2008-02-16-06-59,-7.5099999999999998,-3.1899999999999999,50.0
2008-02-16-08-00,-12.18,-2.1400000000000001,50.0
2008-02-16-09-00,2.8500000000000001,-5.2199999999999998,50.0
2008-02-16-09-59,-0.10000000000000001,-9.0800000000000001,50.0
2008-02-16-11-00,-12.76,-14.27,50.0
2008-02-16-12-00,-5.5199999999999996,-6.8899999999999997,50.0
2008-02-16-12-59,-1.55,-6.5800000000000001,50.0
2008-02-16-14-00,-0.19,0.67000000000000004,50.0
2008-02-16-15-00,12.84,1.29,50.0
2008-02-16-15-59,9.4800000000000004,7.9199999999999999,50.0
2008-02-16-17-00,1.6499999999999999,2.9700000000000002,50.0
2008-02-16-18-00,-0.13,1.52,50.0
2008-02-16-18-59,-1.6200000000000001,1.3,50.0
2008-02-16-20-00,0.33000000000000002,4.6699999999999999,50.0
2008-02-16-21-00,-7.0599999999999996,2.1400000000000001,50.0
2008-02-16-21-59,-7.2199999999999998,-6.75,50.0
2008-02-16-23-00,-7.4299999999999997,-2.0299999999999998,50.0
2008-02-17-00-00,-6.4800000000000004,-4.9800000000000004,50.0
2008-02-17-00-59,-0.37,0.20999999999999999,50.0
2008-02-17-02-00,0.35999999999999999,-1.25,50.0
2008-02-17-03-00,4.3700000000000001,0.72999999999999998,50.0
2008-02-17-03-59,6.6500000000000004,0.029999999999999999,50.0
2008-02-17-05-00,4.2000000000000002,5.6799999999999997,50.0
2008-02-17-06-00,1.5800000000000001,8.9800000000000004,50.0
2008-02-17-06-59,0.26000000000000001,5.2699999999999996,50.0
2008-02-17-08-00,3.2400000000000002,-1.1499999999999999,50.0
2008-02-17-09-00,-5.2599999999999998,-2.3399999999999999,50.0
2008-02-17-09-59,-0.53000000000000003,-4.3099999999999996,50.0
2008-02-17-11-00,-5.9400000000000004,-8.6699999999999999,50.0
2008-02-17-12-00,-2.2000000000000002,-2.5,50.0
2008-02-17-12-59,-0.93999999999999995,-6.5099999999999998,50.0
2008-02-17-14-00,-2.0099999999999998,-7.8600000000000003,50.0
2008-02-17-15-00,-6.7800000000000002,-1.01,50.0
2008-02-17-15-59,0.54000000000000004,0.67000000000000004,50.0
2008-02-17-17-00,3.4399999999999999,-2.5499999999999998,50.0
2008-02-17-18-00,-0.11,4.75,50.0
2008-02-17-18-59,-2.3799999999999999,5.7699999999999996,50.0
2008-02-17-20-00,-3.7400000000000002,1.4199999999999999,50.0
2008-02-17-21-00,-7.6500000000000004,2.3799999999999999,50.0
2008-02-17-21-59,-18.239999999999998,8.0899999999999999,50.0
2008-02-17-23-00,-12.039999999999999,4.25,50.0
2008-02-18-00-00,-11.93,8.2300000000000004,50.0
2008-02-18-00-59,-12.140000000000001,0.98999999999999999,50.0
2008-02-18-02-00,-6.9400000000000004,7.8899999999999997,50.0
2008-02-18-03-00,-3.1299999999999999,0.77000000000000002,50.0
2008-02-18-03-59,-2.1400000000000001,1.6699999999999999,50.0
2008-02-18-05-00,1.1899999999999999,7.0999999999999996,50.0
2008-02-18-06-00,1.1200000000000001,6.25,50.0
2008-02-18-06-59,-13.869999999999999,-2.4199999999999999,50.0
2008-02-18-08-00,-17.25,-0.059999999999999998,50.0
2008-02-18-09-00,-17.289999999999999,-0.28000000000000003,50.0
2008-02-18-09-59,-21.309999999999999,-7.6699999999999999,50.0
2008-02-18-11-00,-23.98,-1.26,50.0
2008-02-18-12-00,-23.84,-2.4700000000000002,50.0
2008-02-18-12-59,-13.43,-5.4100000000000001,50.0
2008-02-18-14-00,-13.890000000000001,6.0,50.0
2008-02-18-15-00,-9.0600000000000005,-1.04,50.0
2008-02-18-15-59,-6.0199999999999996,-0.79000000000000004,50.0
2008-02-18-17-00,-5.25,3.7999999999999998,50.0
2008-02-18-18-00,-3.96,14.16,50.0
2008-02-18-18-59,-7.4400000000000004,7.4400000000000004,50.0
2008-02-18-20-00,-9.0299999999999994,5.0099999999999998,50.0
2008-02-18-21-00,-16.07,11.41,50.0
2008-02-18-21-59,-17.82,2.2799999999999998,50.0
2008-02-18-23-00,-16.710000000000001,3.1200000000000001,50.0
2008-02-19-00-00,-14.859999999999999,-0.40999999999999998,50.0
2008-02-19-00-59,-21.23,-2.8599999999999999,50.0
2008-02-19-02-00,-21.300000000000001,-0.80000000000000004,50.0
2008-02-19-03-00,-5.2699999999999996,0.26000000000000001,50.0
2008-02-19-03-59,-8.7400000000000002,0.71999999999999997,50.0
2008-02-19-05-00,2.6499999999999999,-3.8199999999999998,50.0
2008-02-19-06-00,-3.6099999999999999,-0.82999999999999996,50.0
2008-02-19-06-59,5.4699999999999998,-0.93000000000000005,50.0
2008-02-19-08-00,-4.6699999999999999,-1.8600000000000001,50.0
2008-02-19-09-00,-13.66,4.0899999999999999,50.0
2008-02-19-09-59,-19.030000000000001,2.8700000000000001,50.0
2008-02-19-11-00,-15.800000000000001,2.1299999999999999,50.0
2008-02-19-12-00,-20.32,1.5600000000000001,50.0
2008-02-19-12-59,-19.780000000000001,-3.5899999999999999,50.0
2008-02-19-14-00,-10.16,5.3099999999999996,50.0
2008-02-19-15-00,-0.23000000000000001,-1.0,50.0
2008-02-19-15-59,2.6400000000000001,1.6899999999999999,50.0
2008-02-19-17-00,3.5600000000000001,-1.1599999999999999,50.0
2008-02-19-18-00,3.9900000000000002,8.9499999999999993,50.0
2008-02-19-18-59,5.4299999999999997,7.9000000000000004,50.0
2008-02-19-20-00,1.1200000000000001,9.8900000000000006,50.0
2008-02-19-21-00,-8.6500000000000004,7.2999999999999998,50.0
2008-02-19-21-59,-16.550000000000001,0.040000000000000001,50.0
2008-02-19-23-00,-16.210000000000001,2.1099999999999999,50.0
2008-02-20-00-00,-17.010000000000002,4.9000000000000004,50.0
2008-02-20-00-59,-17.5,-4.29,50.0
2008-02-20-02-00,-9.3399999999999999,-0.81000000000000005,50.0
2008-02-20-03-00,-5.4800000000000004,0.60999999999999999,50.0
2008-02-20-03-59,-1.3899999999999999,3.0299999999999998,50.0
2008-02-20-05-00,4.9299999999999997,-3.0600000000000001,50.0
2008-02-20-06-00,11.359999999999999,-2.2599999999999998,50.0
2008-02-20-06-59,2.46,3.4100000000000001,50.0
2008-02-20-08-00,-0.52000000000000002,7.9699999999999998,50.0
2008-02-20-09-00,-1.1499999999999999,0.40000000000000002,50.0
2008-02-20-09-59,-8.2599999999999998,1.5900000000000001,50.0
2008-02-20-11-00,-8.75,1.1299999999999999,50.0
2008-02-20-12-00,-10.35,4.5199999999999996,50.0
2008-02-20-12-59,-14.130000000000001,-2.6000000000000001,50.0
2008-02-20-14-00,-7.6100000000000003,-1.04,50.0
2008-02-20-15-00,0.28000000000000003,-1.6899999999999999,50.0
2008-02-20-15-59,-1.6599999999999999,-5.4699999999999998,50.0
2008-02-20-17-00,5.7000000000000002,-2.8399999999999999,50.0
2008-02-20-18-00,8.8200000000000003,-5.3799999999999999,50.0
2008-02-20-18-59,6.6900000000000004,4.6200000000000001,50.0
2008-02-20-20-00,11.17,-3.77,50.0
2008-02-20-21-00,4.2599999999999998,-4.71,50.0
2008-02-20-21-59,-0.84999999999999998,-0.66000000000000003,50.0
2008-02-20-23-00,-9.7400000000000002,1.6799999999999999,50.0
2008-02-21-00-00,-14.75,-0.070000000000000007,50.0
2008-02-21-00-59,-13.19,6.8300000000000001,50.0
2008-02-21-02-00,-3.0699999999999998,2.3500000000000001,50.0
2008-02-21-03-00,-10.15,0.93999999999999995,50.0
2008-02-21-03-59,2.5299999999999998,2.0800000000000001,50.0
2008-02-21-05-00,12.69,2.1800000000000002,50.0
2008-02-21-06-00,10.779999999999999,4.1299999999999999,50.0
2008-02-21-06-59,13.609999999999999,0.78000000000000003,50.0
2008-02-21-08-00,14.130000000000001,5.5099999999999998,50.0
2008-02-21-09-00,13.800000000000001,3.02,50.0
2008-02-21-09-59,-0.53000000000000003,-4.3099999999999996,50.0
2008-02-21-11-00,-8.9199999999999999,-8.0700000000000003,50.0
2008-02-21-12-00,-8.4900000000000002,-3.79,50.0
2008-02-21-12-59,-14.369999999999999,0.77000000000000002,50.0
2008-02-21-14-00,-16.27,7.4000000000000004,50.0
2008-02-21-15-00,-5.9800000000000004,5.2599999999999998,50.0
2008-02-21-15-59,5.1500000000000004,1.27,50.0
2008-02-21-17-00,16.789999999999999,-2.6800000000000002,50.0
2008-02-21-18-00,18.829999999999998,2.8999999999999999,50.0
2008-02-21-18-59,9.5399999999999991,4.8200000000000003,50.0
2008-02-21-20-00,16.140000000000001,3.5899999999999999,50.0
2008-02-21-21-00,7.7800000000000002,3.6899999999999999,50.0
2008-02-21-21-59,8.3800000000000008,2.71,50.0
2008-02-21-23-00,0.80000000000000004,-2.79,50.0
2008-02-22-00-00,-8.3200000000000003,-5.0899999999999999,50.0
2008-02-22-00-59,-17.02,-0.51000000000000001,50.0
2008-02-22-02-00,-10.16,5.3099999999999996,50.0
2008-02-22-03-00,-4.75,-0.11,50.0
2008-02-22-03-59,-1.21,1.3200000000000001,50.0
2008-02-22-05-00,6.3700000000000001,3.9100000000000001,50.0
2008-02-22-06-00,14.1,9.9700000000000006,50.0
2008-02-22-06-59,9.8000000000000007,3.54,50.0
2008-02-22-08-00,14.859999999999999,2.6000000000000001,50.0
2008-02-22-09-00,15.92,10.5,50.0
2008-02-22-09-59,9.5800000000000001,7.9500000000000002,50.0
2008-02-22-11-00,-1.48,0.81999999999999995,50.0
2008-02-22-12-00,-6.7000000000000002,-1.3,50.0
2008-02-22-12-59,-10.369999999999999,-0.47999999999999998,50.0
2008-02-22-14-00,-15.07,0.67000000000000004,50.0
2008-02-22-15-00,-12.77,-6.2599999999999998,50.0
2008-02-22-15-59,-6.5899999999999999,0.5,50.0
2008-02-22-17-00,-3.0299999999999998,-8.6699999999999999,50.0
2008-02-22-18-00,2.7599999999999998,-0.56000000000000005,50.0
2008-02-22-18-59,3.04,-1.52,50.0
2008-02-22-20-00,3.1699999999999999,3.0899999999999999,50.0
2008-02-22-21-00,4.9800000000000004,4.7599999999999998,50.0
2008-02-22-21-59,7.4900000000000002,7.25,50.0
2008-02-22-23-00,5.0199999999999996,3.52,50.0
2008-02-23-00-00,-10.75,-0.58999999999999997,50.0
2008-02-23-00-59,-7.1900000000000004,-6.8499999999999996,50.0
2008-02-23-02-00,-6.4100000000000001,-9.2200000000000006,50.0
2008-02-23-03-00,-7.7699999999999996,-9.1999999999999993,50.0
2008-02-23-03-59,-1.0900000000000001,-7.7999999999999998,50.0
2008-02-23-05-00,5.6399999999999997,-7.3300000000000001,50.0
2008-02-23-06-00,4.8200000000000003,-9.5399999999999991,50.0
2008-02-23-06-59,11.18,-10.32,50.0
2008-02-23-08-00,11.779999999999999,-12.43,50.0
2008-02-23-09-00,15.42,-5.8799999999999999,50.0
2008-02-23-09-59,14.470000000000001,-8.0199999999999996,50.0
2008-02-23-11-00,3.98,-8.4299999999999997,50.0
2008-02-23-12-00,0.55000000000000004,-10.25,50.0
2008-02-23-12-59,-8.2899999999999991,-5.1900000000000004,50.0
2008-02-23-14-00,-9.0600000000000005,-6.8600000000000003,50.0
2008-02-23-15-00,-17.780000000000001,-12.380000000000001,50.0
2008-02-23-15-59,-16.469999999999999,-3.8900000000000001,50.0
2008-02-23-17-00,-6.5800000000000001,-3.5499999999999998,50.0
2008-02-23-18-00,1.1599999999999999,-1.8500000000000001,50.0
2008-02-23-18-59,8.0600000000000005,1.27,50.0
2008-02-23-20-00,9.4199999999999999,1.25,50.0
2008-02-23-21-00,11.880000000000001,3.2000000000000002,50.0
2008-02-23-21-59,17.010000000000002,6.3300000000000001,50.0
2008-02-23-23-00,9.8200000000000003,4.5800000000000001,50.0
2008-02-24-00-00,1.98,2.54,50.0
2008-02-24-00-59,-3.46,-1.72,50.0
2008-02-24-02-00,-0.37,-4.1600000000000001,50.0
2008-02-24-03-00,-11.24,-8.3200000000000003,50.0
2008-02-24-03-59,-16.879999999999999,-15.140000000000001,50.0
2008-02-24-05-00,-15.859999999999999,-4.5499999999999998,50.0
2008-02-24-06-00,-7.8399999999999999,-2.04,50.0
2008-02-24-06-59,-2.1600000000000001,2.0899999999999999,50.0
2008-02-24-08-00,-2.71,0.37,50.0
2008-02-24-09-00,-3.8799999999999999,6.2699999999999996,50.0
2008-02-24-09-59,11.01,7.3200000000000003,50.0
2008-02-24-11-00,9.6699999999999999,15.26,50.0
2008-02-24-12-00,10.619999999999999,15.94,50.0
2008-02-24-12-59,8.7899999999999991,2.73,50.0
2008-02-24-14-00,1.24,-3.6000000000000001,50.0
2008-02-24-15-00,-5.6900000000000004,-9.5399999999999991,50.0
2008-02-24-15-59,-7.5899999999999999,-10.91,50.0
2008-02-24-17-00,-11.42,-10.24,50.0
2008-02-24-18-00,-10.56,-7.8099999999999996,50.0
2008-02-24-18-59,-2.75,-6.7199999999999998,50.0
2008-02-24-20-00,4.7999999999999998,-2.5800000000000001,50.0
2008-02-24-21-00,3.4100000000000001,-1.73,50.0
2008-02-24-21-59,3.5,0.47999999999999998,50.0
2008-02-24-23-00,2.5499999999999998,1.98,50.0
2008-02-25-00-00,-2.25,0.59999999999999998,50.0
2008-02-25-00-59,-9.7200000000000006,-4.5599999999999996,50.0
2008-02-25-02-00,-1.3200000000000001,12.210000000000001,50.0
2008-02-25-03-00,-10.720000000000001,-4.3200000000000003,50.0
2008-02-25-03-59,-7.0099999999999998,2.6699999999999999,50.0
2008-02-25-05-00,-9.2300000000000004,-3.3700000000000001,50.0
2008-02-25-06-00,-4.3799999999999999,-6.1399999999999997,50.0
2008-02-25-06-59,-0.16,-3.0600000000000001,50.0
2008-02-25-08-00,-0.92000000000000004,-2.9700000000000002,50.0
2008-02-25-09-00,7.6799999999999997,-1.02,50.0
2008-02-25-09-59,2.0899999999999999,-0.75,50.0
2008-02-25-11-00,4.4199999999999999,-0.19,50.0
2008-02-25-12-00,7.6600000000000001,5.9400000000000004,50.0
2008-02-25-12-59,-0.16,5.9900000000000002,50.0
2008-02-25-14-00,-8.5700000000000003,0.14000000000000001,50.0
2008-02-25-15-00,-13.029999999999999,-3.5299999999999998,50.0
2008-02-25-15-59,2.6800000000000002,0.46000000000000002,50.0
2008-02-25-17-00,-3.0699999999999998,-2.3399999999999999,50.0
2008-02-25-18-00,-13.279999999999999,-7.0300000000000002,50.0
2008-02-25-18-59,-5.79,-8.1099999999999994,50.0
2008-02-25-20-00,-0.029999999999999999,2.2799999999999998,50.0
2008-02-25-21-00,2.2200000000000002,3.8599999999999999,50.0
2008-02-25-21-59,3.8999999999999999,1.6399999999999999,50.0
2008-02-25-23-00,4.0499999999999998,2.9300000000000002,50.0
2008-02-26-00-00,2.1099999999999999,5.7000000000000002,50.0
2008-02-26-00-59,-3.5099999999999998,2.4300000000000002,50.0
2008-02-26-02-00,-6.7000000000000002,-0.56999999999999995,50.0
2008-02-26-03-00,-10.23,-0.23000000000000001,50.0
2008-02-26-03-59,-6.9699999999999998,-3.98,50.0
2008-02-26-05-00,-5.7199999999999998,-4.3499999999999996,50.0
2008-02-26-06-00,-12.119999999999999,0.90000000000000002,50.0
2008-02-26-06-59,-8.2799999999999994,0.23000000000000001,50.0
2008-02-26-08-00,-5.6600000000000001,2.3300000000000001,50.0
2008-02-26-09-00,-2.3900000000000001,-0.37,50.0
2008-02-26-09-59,0.39000000000000001,4.0700000000000003,50.0
2008-02-26-11-00,3.7799999999999998,7.8499999999999996,50.0
2008-02-26-12-00,6.7400000000000002,8.0700000000000003,50.0
2008-02-26-12-59,6.4900000000000002,8.9299999999999997,50.0
2008-02-26-14-00,-1.52,4.5599999999999996,50.0
2008-02-26-15-00,-6.0599999999999996,0.45000000000000001,50.0
2008-02-26-15-59,-10.31,-1.3999999999999999,50.0
2008-02-26-17-00,-7.5599999999999996,0.94999999999999996,50.0
2008-02-26-18-00,-12.140000000000001,-3.3799999999999999,50.0
2008-02-26-18-59,-10.99,-1.5900000000000001,50.0
2008-02-26-20-00,-7.0800000000000001,1.8200000000000001,50.0
2008-02-26-21-00,-5.4500000000000002,-0.20999999999999999,50.0
2008-02-26-21-59,-1.75,1.3700000000000001,50.0
2008-02-26-23-00,2.2400000000000002,0.54000000000000004,50.0
2008-02-27-00-00,-3.27,4.1600000000000001,50.0
2008-02-27-00-59,2.5099999999999998,9.0399999999999991,50.0
2008-02-27-02-00,-4.4000000000000004,0.089999999999999997,50.0
2008-02-27-03-00,-6.96,-0.75,50.0
2008-02-27-03-59,-10.18,0.31,50.0
2008-02-27-05-00,-4.71,-4.9900000000000002,50.0
2008-02-27-06-00,-12.029999999999999,-13.539999999999999,50.0
2008-02-27-06-59,-13.18,-7.7300000000000004,50.0
2008-02-27-08-00,-5.9699999999999998,-4.9400000000000004,50.0
2008-02-27-09-00,-7.6399999999999997,-6.3499999999999996,50.0
2008-02-27-09-59,-12.02,-2.7200000000000002,50.0
2008-02-27-11-00,-2.5699999999999998,5.71,50.0
2008-02-27-12-00,-5.9800000000000004,14.31,50.0
2008-02-27-12-59,-3.9399999999999999,11.56,50.0
2008-02-27-14-00,-3.1499999999999999,4.8200000000000003,50.0
2008-02-27-15-00,-4.9299999999999997,2.3300000000000001,50.0
2008-02-27-15-59,-6.5,2.71,50.0
2008-02-27-17-00,-9.9600000000000009,0.27000000000000002,50.0
2008-02-27-18-00,-16.129999999999999,-7.2300000000000004,50.0
2008-02-27-18-59,-9.8200000000000003,-6.04,50.0
2008-02-27-20-00,-13.460000000000001,-2.3999999999999999,50.0
2008-02-27-21-00,-5.8799999999999999,-0.54000000000000004,50.0
2008-02-27-21-59,-2.5299999999999998,-1.3500000000000001,50.0
2008-02-27-23-00,-5.8200000000000003,0.71999999999999997,50.0
2008-02-28-00-00,-2.75,3.79,50.0
2008-02-28-00-59,1.76,3.3100000000000001,50.0
2008-02-28-02-00,-8.4199999999999999,1.4299999999999999,50.0
2008-02-28-03-00,-10.19,0.71999999999999997,50.0
2008-02-28-03-59,-11.92,-4.8700000000000001,50.0
2008-02-28-05-00,-14.17,-8.6400000000000006,50.0
2008-02-28-06-00,-21.18,-4.5099999999999998,50.0
2008-02-28-06-59,-16.18,-5.2599999999999998,50.0
2008-02-28-08-00,-8.3499999999999996,-4.9900000000000002,50.0
2008-02-28-09-00,-6.1399999999999997,-9.7699999999999996,50.0
2008-02-28-09-59,-7.2199999999999998,-6.75,50.0
2008-02-28-11-00,-1.54,0.28999999999999998,50.0
2008-02-28-12-00,5.8899999999999997,2.3100000000000001,50.0
2008-02-28-12-59,7.6799999999999997,-0.28999999999999998,50.0
2008-02-28-14-00,-2.1699999999999999,2.5,50.0
2008-02-28-15-00,-0.33000000000000002,-1.76,50.0
2008-02-28-15-59,-7.2999999999999998,-4.2800000000000002,50.0
2008-02-28-17-00,-5.6799999999999997,-7.04,50.0
2008-02-28-18-00,-14.970000000000001,-4.4000000000000004,50.0
2008-02-28-18-59,-13.85,-8.6500000000000004,50.0
2008-02-28-20-00,-13.43,-9.0500000000000007,50.0
2008-02-28-21-00,-5.5,-10.94,50.0
2008-02-28-21-59,0.19,-17.010000000000002,50.0
2008-02-28-23-00,-7.7800000000000002,-4.4199999999999999,50.0
2008-02-29-00-00,-2.1400000000000001,0.22,50.0
2008-02-29-00-59,-16.379999999999999,3.4199999999999999,50.0
2008-02-29-02-00,-6.0599999999999996,16.050000000000001,50.0
2008-02-29-03-00,-8.8000000000000007,8.9199999999999999,50.0
2008-02-29-03-59,-4.9900000000000002,6.1600000000000001,50.0
2008-02-29-05-00,-2.48,7.9199999999999999,50.0
2008-02-29-06-00,-10.199999999999999,8.7300000000000004,50.0
2008-02-29-06-59,-0.53000000000000003,-5.04,50.0
2008-02-29-08-00,-3.6299999999999999,0.31,50.0
2008-02-29-09-00,-2.7799999999999998,-5.1699999999999999,50.0
2008-02-29-09-59,-1.6599999999999999,-3.2799999999999998,50.0
2008-02-29-11-00,6.75,-10.859999999999999,50.0
2008-02-29-12-00,2.27,-5.3799999999999999,50.0
2008-02-29-12-59,0.02,-2.6000000000000001,50.0
2008-02-29-14-00,3.7000000000000002,-3.8300000000000001,50.0
2008-02-29-15-00,3.8700000000000001,-0.45000000000000001,50.0
2008-02-29-15-59,-0.16,-2.3399999999999999,50.0
2008-02-29-17-00,-2.3700000000000001,-1.51,50.0
2008-02-29-18-00,-7.3700000000000001,-2.2200000000000002,50.0
2008-02-29-18-59,-10.369999999999999,-3.3900000000000001,50.0
2008-02-29-20-00,-10.4,-3.29,50.0
2008-02-29-21-00,-8.5800000000000001,-0.90000000000000002,50.0
2008-02-29-21-59,-2.5,-1.4399999999999999,50.0
2008-02-29-23-00,0.64000000000000001,1.75,50.0
2008-03-01-00-00,3.8100000000000001,4.1100000000000003,50.0
2008-03-01-00-59,2.3599999999999999,4.1100000000000003,50.0
2008-03-01-02-00,7.8899999999999997,4.7599999999999998,50.0
2008-03-01-03-00,3.8199999999999998,-0.98999999999999999,50.0
2008-03-01-03-59,3.4700000000000002,1.3100000000000001,50.0
2008-03-01-05-00,-7.3499999999999996,-2.3100000000000001,50.0
2008-03-01-06-00,-9.8900000000000006,-4.71,50.0
2008-03-01-06-59,-10.41,0.029999999999999999,50.0
2008-03-01-08-00,-11.619999999999999,-3.75,50.0
2008-03-01-09-00,-6.3499999999999996,-10.140000000000001,50.0
2008-03-01-09-59,-10.130000000000001,-8.9399999999999995,50.0
2008-03-01-11-00,-13.630000000000001,-10.880000000000001,50.0
2008-03-01-12-00,0.47999999999999998,-11.1,50.0
2008-03-01-12-59,-2.3900000000000001,-10.880000000000001,50.0
2008-03-01-14-00,5.0300000000000002,0.60999999999999999,50.0
2008-03-01-15-00,-2.0699999999999998,-4.0300000000000002,50.0
2008-03-01-15-59,-10.279999999999999,2.46,50.0
2008-03-01-17-00,-11.119999999999999,-6.21,50.0
2008-03-01-18-00,-11.220000000000001,0.32000000000000001,50.0
2008-03-01-18-59,-11.710000000000001,-2.3199999999999998,50.0
2008-03-01-20-00,-18.25,5.5899999999999999,50.0
2008-03-01-21-00,-11.81,7.4299999999999997,50.0
2008-03-01-21-59,-12.52,4.8399999999999999,50.0
2008-03-01-23-00,-10.609999999999999,7.2599999999999998,50.0
2008-03-02-00-00,-9.4000000000000004,5.21,50.0
2008-03-02-00-59,2.3500000000000001,9.2100000000000009,50.0
2008-03-02-02-00,1.1200000000000001,4.0700000000000003,50.0
2008-03-02-03-00,5.29,9.8399999999999999,50.0
2008-03-02-03-59,3.2799999999999998,1.98,50.0
2008-03-02-05-00,-1.54,6.8399999999999999,50.0
2008-03-02-06-00,-1.1799999999999999,1.22,50.0
2008-03-02-06-59,-9.6999999999999993,1.1699999999999999,50.0
2008-03-02-08-00,-16.23,-2.1600000000000001,50.0
2008-03-02-09-00,-12.970000000000001,5.3300000000000001,50.0
2008-03-02-09-59,-17.649999999999999,-1.9399999999999999,50.0
2008-03-02-11-00,-13.25,-1.3,50.0
2008-03-02-12-00,-11.529999999999999,0.65000000000000002,50.0
2008-03-02-12-59,-8.4199999999999999,-2.21,50.0
2008-03-02-14-00,-1.6000000000000001,1.9399999999999999,50.0
2008-03-02-15-00,-1.4199999999999999,8.2300000000000004,50.0
2008-03-02-15-59,10.9,11.34,50.0
2008-03-02-17-00,9.3000000000000007,3.5,50.0
2008-03-02-18-00,5.9000000000000004,3.3599999999999999,50.0
2008-03-02-18-59,-0.95999999999999996,-0.28000000000000003,50.0
2008-03-02-20-00,-0.63,2.21,50.0
2008-03-02-21-00,4.7699999999999996,-1.75,50.0
2008-03-02-21-59,-0.22,-9.0099999999999998,50.0
2008-03-02-23-00,-3.1000000000000001,-14.210000000000001,50.0
2008-03-03-00-00,6.2800000000000002,-14.640000000000001,50.0
2008-03-03-00-59,0.78000000000000003,-15.07,50.0
2008-03-03-02-00,0.14999999999999999,-14.31,50.0
2008-03-03-03-00,5.5999999999999996,-8.2799999999999994,50.0
2008-03-03-03-59,19.16,-1.1599999999999999,50.0
2008-03-03-05-00,4.7999999999999998,-3.3100000000000001,50.0
2008-03-03-06-00,4.6900000000000004,5.4000000000000004,50.0
2008-03-03-06-59,1.76,1.1299999999999999,50.0
2008-03-03-08-00,0.13,6.0700000000000003,50.0
2008-03-03-09-00,1.3200000000000001,-1.7,50.0
2008-03-03-09-59,3.5800000000000001,3.8399999999999999,50.0
2008-03-03-11-00,3.6000000000000001,-2.3999999999999999,50.0
2008-03-03-12-00,6.5300000000000002,-2.0800000000000001,50.0
2008-03-03-12-59,6.6900000000000004,-5.5700000000000003,50.0
2008-03-03-14-00,10.17,-4.2599999999999998,50.0
2008-03-03-15-00,13.42,-2.1800000000000002,50.0
2008-03-03-15-59,17.23,5.5700000000000003,50.0
2008-03-03-17-00,5.5899999999999999,-1.0,50.0
2008-03-03-18-00,1.3600000000000001,0.69999999999999996,50.0
2008-03-03-18-59,-2.2799999999999998,0.69999999999999996,50.0
2008-03-03-20-00,-3.7999999999999998,-2.3399999999999999,50.0
2008-03-03-21-00,-2.9900000000000002,-1.1699999999999999,50.0
2008-03-03-21-59,-4.1699999999999999,9.8300000000000001,50.0
2008-03-03-23-00,-6.5499999999999998,-0.01,50.0
2008-03-04-00-00,-0.92000000000000004,-0.059999999999999998,50.0
2008-03-04-00-59,-2.2000000000000002,-7.1900000000000004,50.0
2008-03-04-02-00,3.3799999999999999,0.55000000000000004,50.0
2008-03-04-03-00,3.98,0.62,50.0
2008-03-04-03-59,0.34000000000000002,-1.5700000000000001,50.0
2008-03-04-05-00,-2.7000000000000002,5.0499999999999998,50.0
2008-03-04-06-00,-1.6899999999999999,0.45000000000000001,50.0
2008-03-04-06-59,-3.4199999999999999,-0.77000000000000002,50.0
2008-03-04-08-00,-4.6100000000000003,-3.5099999999999998,50.0
2008-03-04-09-00,-13.640000000000001,0.77000000000000002,50.0
2008-03-04-09-59,-8.8699999999999992,6.6100000000000003,50.0
2008-03-04-11-00,-13.539999999999999,0.80000000000000004,50.0
2008-03-04-12-00,-12.02,0.19,50.0
2008-03-04-12-59,-12.19,-3.9100000000000001,50.0
2008-03-04-14-00,-8.8000000000000007,-4.5,50.0
2008-03-04-15-00,-13.199999999999999,-1.5,50.0
2008-03-04-15-59,-5.0099999999999998,-1.75,50.0
2008-03-04-17-00,0.98999999999999999,11.42,50.0
2008-03-04-18-00,-4.0999999999999996,10.68,50.0
2008-03-04-18-59,-1.8500000000000001,7.9000000000000004,50.0
2008-03-04-20-00,-0.51000000000000001,5.7800000000000002,50.0
2008-03-04-21-00,-7.8799999999999999,8.25,50.0
2008-03-04-21-59,-11.94,3.5499999999999998,50.0
2008-03-04-23-00,-9.0700000000000003,6.9699999999999998,50.0
2008-03-05-00-00,-11.779999999999999,-2.4399999999999999,50.0
2008-03-05-00-59,-8.0700000000000003,-4.5,50.0
2008-03-05-02-00,-5.4900000000000002,-1.1599999999999999,50.0
2008-03-05-03-00,1.0,-10.74,50.0
2008-03-05-03-59,0.12,-6.9400000000000004,50.0
2008-03-05-05-00,2.0499999999999998,-12.94,50.0
2008-03-05-06-00,1.1299999999999999,-3.9399999999999999,50.0
2008-03-05-06-59,-5.7199999999999998,1.0700000000000001,50.0
2008-03-05-08-00,-7.3499999999999996,-3.04,50.0
2008-03-05-09-00,-11.91,-12.15,50.0
2008-03-05-09-59,-6.21,-13.539999999999999,50.0
2008-03-05-11-00,-18.640000000000001,-15.539999999999999,50.0
2008-03-05-12-00,-9.2899999999999991,-12.23,50.0
2008-03-05-12-59,-8.6199999999999992,-23.280000000000001,50.0
2008-03-05-14-00,-13.84,-8.3399999999999999,50.0
2008-03-05-15-00,-8.0399999999999991,-8.9600000000000009,50.0
2008-03-05-15-59,-5.3600000000000003,-12.880000000000001,50.0
2008-03-05-17-00,-5.2699999999999996,-9.2100000000000009,50.0
2008-03-05-18-00,-5.0099999999999998,-8.3000000000000007,50.0
2008-03-05-18-59,-9.0099999999999998,-10.279999999999999,50.0
2008-03-05-20-00,-11.880000000000001,-4.6500000000000004,50.0
2008-03-05-21-00,-12.17,-2.5499999999999998,50.0
2008-03-05-21-59,-17.68,-13.08,50.0
2008-03-05-23-00,-23.350000000000001,-1.29,50.0
2008-03-06-00-00,-20.140000000000001,-8.4800000000000004,50.0
2008-03-06-00-59,-11.970000000000001,-4.6799999999999997,50.0
2008-03-06-02-00,-15.32,-6.79,50.0
2008-03-06-03-00,-5.8099999999999996,-10.199999999999999,50.0
2008-03-06-03-59,2.04,-6.3899999999999997,50.0
2008-03-06-05-00,11.16,-4.0800000000000001,50.0
2008-03-06-06-00,5.0599999999999996,-3.1299999999999999,50.0
2008-03-06-06-59,5.8799999999999999,-0.91000000000000003,50.0
2008-03-06-08-00,4.25,-7.21,50.0
2008-03-06-09-00,8.8100000000000005,8.4600000000000009,50.0
2008-03-06-09-59,-2.1000000000000001,-12.25,50.0
2008-03-06-11-00,-7.8200000000000003,-12.640000000000001,50.0
2008-03-06-12-00,-11.08,-15.77,50.0
2008-03-06-12-59,-13.65,-18.789999999999999,50.0
2008-03-06-14-00,-19.52,-14.65,50.0
2008-03-06-15-00,-8.4800000000000004,-18.66,50.0
2008-03-06-15-59,-8.7899999999999991,-6.3700000000000001,50.0
2008-03-06-17-00,-1.5800000000000001,-2.8399999999999999,50.0
2008-03-06-18-00,-4.8600000000000003,-3.3700000000000001,50.0
2008-03-06-18-59,1.95,0.46000000000000002,50.0
2008-03-06-20-00,-0.48999999999999999,6.4100000000000001,50.0
2008-03-06-21-00,5.0300000000000002,11.119999999999999,50.0
2008-03-06-21-59,-0.46000000000000002,8.5,50.0
2008-03-06-23-00,-3.3999999999999999,7.1399999999999997,50.0
2008-03-07-00-00,-3.9199999999999999,8.9700000000000006,50.0
2008-03-07-00-59,-7.3200000000000003,-0.23000000000000001,50.0
2008-03-07-02-00,-8.8399999999999999,-6.1799999999999997,50.0
2008-03-07-03-00,-6.21,-2.2999999999999998,50.0
2008-03-07-03-59,0.95999999999999996,-2.6400000000000001,50.0
2008-03-07-05-00,12.08,-6.21,50.0
2008-03-07-06-00,9.2100000000000009,-9.6300000000000008,50.0
2008-03-07-06-59,9.8499999999999996,-4.9800000000000004,50.0
2008-03-07-08-00,5.3799999999999999,2.27,50.0
2008-03-07-09-00,-4.6900000000000004,-3.2200000000000002,50.0
2008-03-07-09-59,-10.25,-2.0,50.0
2008-03-07-11-00,-13.49,2.79,50.0
2008-03-07-12-00,-11.98,3.3300000000000001,50.0
2008-03-07-12-59,-15.699999999999999,2.1600000000000001,50.0
2008-03-07-14-00,-14.34,3.5899999999999999,50.0
2008-03-07-15-00,-6.6200000000000001,4.2400000000000002,50.0
2008-03-07-15-59,2.7400000000000002,4.2199999999999998,50.0
2008-03-07-17-00,4.2699999999999996,4.3399999999999999,50.0
2008-03-07-18-00,9.0399999999999991,-5.4199999999999999,50.0
2008-03-07-18-59,17.629999999999999,6.7199999999999998,50.0
2008-03-07-20-00,17.129999999999999,2.3100000000000001,50.0
2008-03-07-21-00,11.77,4.3099999999999996,50.0
2008-03-07-21-59,-1.4299999999999999,-1.55,50.0
2008-03-07-23-00,-7.6299999999999999,-3.8500000000000001,50.0
2008-03-08-00-00,-13.460000000000001,-5.3099999999999996,50.0
2008-03-08-00-59,-11.4,-5.2400000000000002,50.0
2008-03-08-02-00,-6.1399999999999997,-10.5,50.0
2008-03-08-03-00,-7.1200000000000001,-8.1799999999999997,50.0
2008-03-08-03-59,5.3300000000000001,-1.1799999999999999,50.0
2008-03-08-05-00,6.5,1.6499999999999999,50.0
2008-03-08-06-00,0.34999999999999998,-8.1199999999999992,50.0
2008-03-08-06-59,10.75,-4.8200000000000003,50.0
2008-03-08-08-00,11.5,10.68,50.0
2008-03-08-09-00,0.97999999999999998,10.369999999999999,50.0
2008-03-08-09-59,1.5700000000000001,5.0300000000000002,50.0
2008-03-08-11-00,-4.6100000000000003,-1.3200000000000001,50.0
2008-03-08-12-00,-2.71,5.46,50.0
2008-03-08-12-59,-5.9500000000000002,3.7000000000000002,50.0
2008-03-08-14-00,-7.5999999999999996,2.1899999999999999,50.0
2008-03-08-15-00,-4.3200000000000003,-8.5199999999999996,50.0
2008-03-08-15-59,-3.9300000000000002,-12.050000000000001,50.0
2008-03-08-17-00,4.3300000000000001,-7.5,50.0
2008-03-08-18-00,10.210000000000001,0.33000000000000002,50.0
2008-03-08-18-59,4.9900000000000002,-3.25,50.0
2008-03-08-20-00,9.6199999999999992,-0.88,50.0
2008-03-08-21-00,11.869999999999999,2.1499999999999999,50.0
2008-03-08-21-59,1.52,0.13,50.0
2008-03-08-23-00,-4.7400000000000002,1.6599999999999999,50.0
2008-03-09-00-00,-10.67,-3.79,50.0
2008-03-09-00-59,-11.529999999999999,4.29,50.0
2008-03-09-02-00,-12.619999999999999,-2.79,50.0
2008-03-09-03-00,-15.300000000000001,-13.75,50.0
2008-03-09-03-59,-11.77,-11.18,50.0
2008-03-09-05-00,-1.54,-16.77,50.0
2008-03-09-06-00,4.2400000000000002,-8.9800000000000004,50.0
2008-03-09-06-59,-2.4399999999999999,-8.9199999999999999,50.0
2008-03-09-08-00,-15.380000000000001,-3.6800000000000002,50.0
2008-03-09-09-00,-6.2199999999999998,-0.42999999999999999,50.0
2008-03-09-09-59,-8.25,4.0899999999999999,50.0
2008-03-09-11-00,-14.26,1.1100000000000001,50.0
2008-03-09-12-00,-17.199999999999999,14.630000000000001,50.0
2008-03-09-12-59,-11.199999999999999,5.3200000000000003,50.0
2008-03-09-14-00,-6.1200000000000001,4.2800000000000002,50.0
2008-03-09-15-00,-17.050000000000001,7.5899999999999999,50.0
2008-03-09-15-59,-13.35,3.04,50.0
2008-03-09-17-00,2.8900000000000001,-4.2699999999999996,50.0
2008-03-09-18-00,0.98999999999999999,0.17999999999999999,50.0
2008-03-09-18-59,-1.3799999999999999,-11.529999999999999,50.0
2008-03-09-20-00,11.800000000000001,-4.5199999999999996,50.0
2008-03-09-21-00,11.369999999999999,1.7,50.0
2008-03-09-21-59,12.970000000000001,-0.95999999999999996,50.0
2008-03-09-23-00,10.49,-5.7300000000000004,50.0
2008-03-10-00-00,13.26,-2.3399999999999999,50.0
2008-03-10-00-59,10.0,-12.01,50.0
2008-03-10-02-00,-0.62,-15.99,50.0
2008-03-10-03-00,-8.7100000000000009,-17.16,50.0
2008-03-10-03-59,-12.02,-14.68,50.0
2008-03-10-05-00,-12.85,-3.79,50.0
2008-03-10-06-00,-5.1500000000000004,0.19,50.0
2008-03-10-06-59,-0.20000000000000001,-2.5600000000000001,50.0
2008-03-10-08-00,-0.40999999999999998,7.5800000000000001,50.0
2008-03-10-09-00,8.8100000000000005,9.9100000000000001,50.0
2008-03-10-09-59,11.460000000000001,14.83,50.0
2008-03-10-11-00,7.6900000000000004,12.710000000000001,50.0
2008-03-10-12-00,6.9400000000000004,9.1699999999999999,50.0
2008-03-10-12-59,0.92000000000000004,1.51,50.0
2008-03-10-14-00,3.9700000000000002,-5.5199999999999996,50.0
2008-03-10-15-00,5.71,-10.85,50.0
2008-03-10-15-59,-3.1899999999999999,-13.92,50.0
2008-03-10-17-00,-6.29,-13.98,50.0
2008-03-10-18-00,7.6900000000000004,-8.3000000000000007,50.0
2008-03-10-18-59,5.9199999999999999,-0.68999999999999995,50.0
2008-03-10-20-00,9.3900000000000006,-6.25,50.0
2008-03-10-21-00,3.48,-3.79,50.0
2008-03-10-21-59,2.5800000000000001,4.7999999999999998,50.0
2008-03-10-23-00,1.21,9.9199999999999999,50.0
2008-03-11-00-00,-9.0299999999999994,6.46,50.0
2008-03-11-00-59,3.9100000000000001,5.5899999999999999,50.0
2008-03-11-02-00,-1.24,4.3300000000000001,50.0
2008-03-11-03-00,-0.089999999999999997,-1.48,50.0
2008-03-11-03-59,-8.9499999999999993,-8.6999999999999993,50.0
2008-03-11-05-00,-10.98,-4.5,50.0
2008-03-11-06-00,-7.0,-6.0599999999999996,50.0
2008-03-11-06-59,-5.7199999999999998,5.4299999999999997,50.0
2008-03-11-08-00,3.0899999999999999,4.1100000000000003,50.0
2008-03-11-09-00,7.0599999999999996,3.6899999999999999,50.0
2008-03-11-09-59,9.1999999999999993,4.9299999999999997,50.0
2008-03-11-11-00,4.79,8.3399999999999999,50.0
2008-03-11-12-00,-1.28,5.5599999999999996,50.0
2008-03-11-12-59,0.28999999999999998,2.27,50.0
2008-03-11-14-00,-2.8999999999999999,0.31,50.0
2008-03-11-15-00,-13.640000000000001,-3.6000000000000001,50.0
2008-03-11-15-59,1.8,-2.29,50.0
2008-03-11-17-00,-10.94,-5.7400000000000002,50.0
2008-03-11-18-00,-2.2599999999999998,-5.54,50.0
2008-03-11-18-59,-4.0700000000000003,-6.4699999999999998,50.0
2008-03-11-20-00,-1.2,0.91000000000000003,50.0
2008-03-11-21-00,4.5199999999999996,0.56999999999999995,50.0
2008-03-11-21-59,6.7400000000000002,0.79000000000000004,50.0
2008-03-11-23-00,9.0800000000000001,9.6799999999999997,50.0
2008-03-12-00-00,2.8399999999999999,4.9800000000000004,50.0
2008-03-12-00-59,-4.3700000000000001,3.6400000000000001,50.0
2008-03-12-02-00,-3.5899999999999999,0.53000000000000003,50.0
2008-03-12-03-00,-11.48,-4.96,50.0
2008-03-12-03-59,-16.989999999999998,-12.57,50.0
2008-03-12-05-00,-8.3300000000000001,-10.5,50.0
2008-03-12-06-00,-7.0,-5.3399999999999999,50.0
2008-03-12-06-59,-11.289999999999999,1.6499999999999999,50.0
2008-03-12-08-00,-13.449999999999999,6.6500000000000004,50.0
2008-03-12-09-00,-0.48999999999999999,10.050000000000001,50.0
2008-03-12-09-59,8.3399999999999999,13.0,50.0
2008-03-12-11-00,12.199999999999999,14.42,50.0
2008-03-12-12-00,6.0099999999999998,17.850000000000001,50.0
2008-03-12-12-59,6.5300000000000002,10.609999999999999,50.0
2008-03-12-14-00,3.8500000000000001,7.9699999999999998,50.0
2008-03-12-15-00,-1.3200000000000001,5.3399999999999999,50.0
2008-03-12-15-59,-5.4000000000000004,-1.8600000000000001,50.0
2008-03-12-17-00,-11.359999999999999,-8.9800000000000004,50.0
2008-03-12-18-00,-11.390000000000001,-9.6099999999999994,50.0
2008-03-12-18-59,-11.0,-12.41,50.0
2008-03-12-20-00,-7.46,-10.25,50.0
2008-03-12-21-00,-2.8199999999999998,0.02,50.0
2008-03-12-21-59,-8.2300000000000004,1.49,50.0
2008-03-12-23-00,-8.0600000000000005,10.69,50.0
2008-03-13-00-00,3.77,12.630000000000001,50.0
2008-03-13-00-59,7.5499999999999998,19.02,50.0
2008-03-13-02-00,5.5,6.5700000000000003,50.0
2008-03-13-03-00,3.1800000000000002,4.8700000000000001,50.0
2008-03-13-03-59,-11.029999999999999,-0.34999999999999998,50.0
2008-03-13-05-00,-12.09,0.80000000000000004,50.0
2008-03-13-06-00,-1.45,8.3200000000000003,50.0
2008-03-13-06-59,3.6000000000000001,2.7000000000000002,50.0
2008-03-13-08-00,5.1100000000000003,-0.40999999999999998,50.0
2008-03-13-09-00,14.199999999999999,-7.79,50.0
2008-03-13-09-59,10.949999999999999,-6.6399999999999997,50.0
2008-03-13-11-00,20.84,-5.5700000000000003,50.0
2008-03-13-12-00,14.49,-2.29,50.0
2008-03-13-12-59,11.81,-1.29,50.0
2008-03-13-14-00,4.0899999999999999,3.8799999999999999,50.0
2008-03-13-15-00,0.40000000000000002,-1.76,50.0
2008-03-13-15-59,-1.6899999999999999,-3.1899999999999999,50.0
2008-03-13-17-00,-3.5699999999999998,3.0299999999999998,50.0
2008-03-13-18-00,-4.0499999999999998,-1.47,50.0
2008-03-13-18-59,-7.5099999999999998,-1.74,50.0
2008-03-13-20-00,-3.48,-4.54,50.0
2008-03-13-21-00,5.4400000000000004,2.8100000000000001,50.0
2008-03-13-21-59,7.6500000000000004,1.99,50.0
2008-03-13-23-00,7.04,9.9199999999999999,50.0
2008-03-14-00-00,12.31,10.4,50.0
2008-03-14-00-59,5.9500000000000002,8.2599999999999998,50.0
2008-03-14-02-00,2.8100000000000001,4.3399999999999999,50.0
2008-03-14-03-00,-6.5499999999999998,-0.72999999999999998,50.0
2008-03-14-03-59,-2.4500000000000002,3.46,50.0
2008-03-14-05-00,-7.4100000000000001,-7.5300000000000002,50.0
2008-03-14-06-00,-3.6899999999999999,-0.54000000000000004,50.0
2008-03-14-06-59,-9.25,-4.7300000000000004,50.0
2008-03-14-08-00,-5.4299999999999997,-8.6300000000000008,50.0
2008-03-14-09-00,-8.3599999999999994,-1.6699999999999999,50.0
2008-03-14-09-59,-0.14000000000000001,1.21,50.0
2008-03-14-11-00,0.80000000000000004,0.12,50.0
2008-03-14-12-00,1.6299999999999999,1.9199999999999999,50.0
2008-03-14-12-59,3.4399999999999999,9.4100000000000001,50.0
2008-03-14-14-00,4.1100000000000003,8.1500000000000004,50.0
2008-03-14-15-00,1.1899999999999999,7.0999999999999996,50.0
2008-03-14-15-59,-1.24,2.8700000000000001,50.0
2008-03-14-17-00,-5.7000000000000002,3.5699999999999998,50.0
2008-03-14-18-00,-7.7199999999999998,2.2599999999999998,50.0
2008-03-14-18-59,-9.2300000000000004,0.98999999999999999,50.0
2008-03-14-20-00,-6.1200000000000001,2.8199999999999998,50.0
2008-03-14-21-00,-6.6500000000000004,-0.029999999999999999,50.0
2008-03-14-21-59,-2.0800000000000001,1.8,50.0
2008-03-14-23-00,-0.58999999999999997,3.1600000000000001,50.0
2008-03-15-00-00,7.7999999999999998,6.1900000000000004,50.0
