,wind speed ,direction
2014-04-01-00-00,9.8300000000000001,359.85000000000002
2014-04-01-00-10,10.27,358.69999999999999
2014-04-01-00-20,9.8399999999999999,0.28999999999999998
2014-04-01-00-30,10.35,356.48000000000002
2014-04-01-00-40,10.25,0.81000000000000005
2014-04-01-00-49,9.0099999999999998,356.70999999999998
2014-04-01-00-59,9.6999999999999993,356.32999999999998
2014-04-01-01-10,10.74,359.75
2014-04-01-01-20,11.18,6.29
2014-04-01-01-30,12.17,8.4900000000000002
2014-04-01-01-40,11.93,7.4199999999999999
2014-04-01-01-50,11.01,11.15
2014-04-01-02-00,11.550000000000001,13.42
2014-04-01-02-10,12.19,12.119999999999999
2014-04-01-02-19,12.640000000000001,10.050000000000001
2014-04-01-02-29,12.779999999999999,17.41
2014-04-01-02-40,12.92,12.710000000000001
2014-04-01-02-50,13.24,13.050000000000001
2014-04-01-03-00,12.779999999999999,16.829999999999998
2014-04-01-03-10,11.640000000000001,18.719999999999999
2014-04-01-03-20,11.880000000000001,12.869999999999999
2014-04-01-03-30,11.06,7.8600000000000003
2014-04-01-03-40,11.34,8.5
2014-04-01-03-49,11.35,8.7300000000000004
2014-04-01-03-59,11.17,8.2799999999999994
2014-04-01-04-10,10.44,356.45999999999998
2014-04-01-04-20,10.44,1.28
2014-04-01-04-30,10.970000000000001,0.92000000000000004
2014-04-01-04-40,11.81,359.98000000000002
2014-04-01-04-50,11.039999999999999,2.5600000000000001
2014-04-01-05-00,11.720000000000001,359.77999999999997
2014-04-01-05-10,12.359999999999999,4.2999999999999998
2014-04-01-05-19,12.02,9.0099999999999998
2014-04-01-05-29,10.640000000000001,3.7000000000000002
2014-04-01-05-40,10.23,3.79
2014-04-01-05-50,11.33,10.449999999999999
2014-04-01-06-00,11.44,8.3200000000000003
2014-04-01-06-10,10.27,4.1900000000000004
2014-04-01-06-20,9.9900000000000002,358.58999999999997
2014-04-01-06-30,10.800000000000001,0.52000000000000002
2014-04-01-06-40,10.880000000000001,356.81
2014-04-01-06-49,10.800000000000001,359.73000000000002
2014-04-01-06-59,10.640000000000001,357.75999999999999
2014-04-01-07-10,10.15,357.56
2014-04-01-07-20,10.279999999999999,0.91000000000000003
2014-04-01-07-30,9.8200000000000003,354.36000000000001
2014-04-01-07-40,10.119999999999999,351.55000000000001
2014-04-01-07-50,9.6600000000000001,355.49000000000001
2014-04-01-08-00,9.3399999999999999,351.11000000000001
2014-04-01-08-10,9.0999999999999996,352.42000000000002
2014-04-01-08-19,10.01,355.08999999999997
2014-04-01-08-29,10.109999999999999,356.07999999999998
2014-04-01-08-40,10.210000000000001,358.39999999999998
2014-04-01-08-50,10.609999999999999,355.76999999999998
2014-04-01-09-00,10.300000000000001,355.93000000000001
2014-04-01-09-10,10.83,359.47000000000003
2014-04-01-09-20,11.32,358.99000000000001
2014-04-01-09-30,10.85,1.1899999999999999
2014-04-01-09-40,11.1,4.7199999999999998
2014-04-01-09-49,10.5,1.0900000000000001
2014-04-01-09-59,11.119999999999999,4.8899999999999997
2014-04-01-10-10,10.77,3.73
2014-04-01-10-20,11.0,359.88
2014-04-01-10-30,11.199999999999999,4.3499999999999996
2014-04-01-10-40,11.26,5.9800000000000004
2014-04-01-10-50,10.970000000000001,3.8300000000000001
2014-04-01-11-00,11.49,9.0899999999999999
2014-04-01-11-10,11.19,7.1200000000000001
2014-04-01-11-19,10.390000000000001,5.8300000000000001
2014-04-01-11-29,11.359999999999999,6.9800000000000004
2014-04-01-11-40,10.93,2.7000000000000002
2014-04-01-11-50,10.859999999999999,7.2199999999999998
2014-04-01-12-00,10.789999999999999,5.6799999999999997
2014-04-01-12-10,9.9499999999999993,8.6300000000000008
2014-04-01-12-20,9.9000000000000004,7.3099999999999996
2014-04-01-12-30,10.31,11.6
2014-04-01-12-40,10.300000000000001,11.94
2014-04-01-12-49,9.9700000000000006,11.01
2014-04-01-12-59,10.359999999999999,10.94
2014-04-01-13-10,10.26,13.91
2014-04-01-13-20,9.7200000000000006,10.93
2014-04-01-13-30,9.6899999999999995,9.8100000000000005
2014-04-01-13-40,9.6099999999999994,9.9299999999999997
2014-04-01-13-50,9.7100000000000009,13.1
2014-04-01-14-00,9.7300000000000004,13.02
2014-04-01-14-10,9.7300000000000004,11.460000000000001
2014-04-01-14-19,9.5700000000000003,13.529999999999999
2014-04-01-14-29,10.390000000000001,6.71
2014-04-01-14-40,9.6500000000000004,9.6300000000000008
2014-04-01-14-50,9.5,9.9399999999999995
2014-04-01-15-00,9.3699999999999992,12.869999999999999
2014-04-01-15-10,8.8599999999999994,15.24
2014-04-01-15-20,8.5899999999999999,16.579999999999998
2014-04-01-15-30,8.5199999999999996,17.699999999999999
2014-04-01-15-40,8.7200000000000006,16.879999999999999
2014-04-01-15-49,8.0500000000000007,19.850000000000001
2014-04-01-15-59,7.8799999999999999,18.719999999999999
2014-04-01-16-10,7.3799999999999999,18.5
2014-04-01-16-20,7.1500000000000004,18.600000000000001
2014-04-01-16-30,6.8600000000000003,19.5
2014-04-01-16-40,6.7000000000000002,24.190000000000001
2014-04-01-16-50,6.3600000000000003,20.210000000000001
2014-04-01-17-00,6.0700000000000003,16.75
2014-04-01-17-10,5.6399999999999997,14.35
2014-04-01-17-19,4.7300000000000004,10.92
2014-04-01-17-29,4.8200000000000003,13.98
2014-04-01-17-40,4.3899999999999997,13.17
2014-04-01-17-50,4.0700000000000003,10.44
2014-04-01-18-00,3.46,8.5899999999999999
2014-04-01-18-10,3.29,11.77
2014-04-01-18-20,3.3199999999999998,23.550000000000001
2014-04-01-18-30,4.0899999999999999,29.25
2014-04-01-18-40,3.0499999999999998,26.940000000000001
2014-04-01-18-49,2.8300000000000001,24.469999999999999
2014-04-01-18-59,3.3900000000000001,34.079999999999998
2014-04-01-19-10,2.5899999999999999,33.640000000000001
2014-04-01-19-20,2.1600000000000001,37.18
2014-04-01-19-30,2.1299999999999999,42.520000000000003
2014-04-01-19-40,2.4300000000000002,44.759999999999998
2014-04-01-19-50,3.0499999999999998,46.030000000000001
2014-04-01-20-00,3.0299999999999998,47.729999999999997
2014-04-01-20-10,3.2000000000000002,51.420000000000002
2014-04-01-20-19,2.3700000000000001,61.299999999999997
2014-04-01-20-29,2.9900000000000002,67.700000000000003
2014-04-01-20-40,3.46,70.599999999999994
2014-04-01-20-50,4.5300000000000002,78.700000000000003
2014-04-01-21-00,4.5899999999999999,80.099999999999994
2014-04-01-21-10,4.3399999999999999,75.700000000000003
2014-04-01-21-20,3.8700000000000001,70.5
2014-04-01-21-30,2.8399999999999999,78.799999999999997
2014-04-01-21-40,1.3400000000000001,84.5
2014-04-01-21-49,1.9399999999999999,84.200000000000003
2014-04-01-21-59,2.6200000000000001,74.200000000000003
2014-04-01-22-10,3.2599999999999998,68.599999999999994
2014-04-01-22-20,3.1099999999999999,69.5
2014-04-01-22-30,1.1299999999999999,53.960000000000001
2014-04-01-22-40,2.3900000000000001,270.89999999999998
2014-04-01-22-50,1.77,324.80000000000001
2014-04-01-23-00,1.6200000000000001,317.30000000000001
2014-04-01-23-10,0.97999999999999998,333.60000000000002
2014-04-01-23-19,0.34000000000000002,331.10000000000002
2014-04-01-23-29,1.03,323.0
2014-04-01-23-40,1.3300000000000001,10.57
2014-04-01-23-50,2.4399999999999999,40.090000000000003
2014-04-02-00-00,3.8599999999999999,44.439999999999998
2014-04-02-00-10,3.6800000000000002,49.219999999999999
2014-04-02-00-20,2.1299999999999999,47.25
2014-04-02-00-30,2.2000000000000002,56.600000000000001
2014-04-02-00-40,1.99,50.619999999999997
2014-04-02-00-49,3.5,62.0
2014-04-02-00-59,3.3399999999999999,57.299999999999997
2014-04-02-01-10,3.2000000000000002,54.200000000000003
2014-04-02-01-20,3.3599999999999999,56.700000000000003
2014-04-02-01-30,2.3399999999999999,60.600000000000001
2014-04-02-01-40,3.5299999999999998,56.399999999999999
2014-04-02-01-50,2.6000000000000001,55.0
2014-04-02-02-00,2.0600000000000001,48.100000000000001
2014-04-02-02-10,1.71,43.869999999999997
2014-04-02-02-19,1.05,53.359999999999999
2014-04-02-02-29,0.19,119.90000000000001
2014-04-02-02-40,1.1699999999999999,244.69999999999999
2014-04-02-02-50,0.82999999999999996,268.39999999999998
2014-04-02-03-00,1.1000000000000001,279.10000000000002
2014-04-02-03-10,1.1399999999999999,299.39999999999998
2014-04-02-03-20,1.3799999999999999,280.69999999999999
2014-04-02-03-30,1.5600000000000001,266.60000000000002
2014-04-02-03-40,1.76,289.69999999999999
2014-04-02-03-49,1.6899999999999999,299.69999999999999
2014-04-02-03-59,2.3900000000000001,288.80000000000001
2014-04-02-04-10,1.6499999999999999,309.80000000000001
2014-04-02-04-20,1.53,298.30000000000001
2014-04-02-04-30,1.47,310.80000000000001
2014-04-02-04-40,1.3999999999999999,284.5
2014-04-02-04-50,1.98,277.60000000000002
2014-04-02-05-00,1.76,287.60000000000002
2014-04-02-05-10,1.3899999999999999,285.39999999999998
2014-04-02-05-19,1.24,295.80000000000001
2014-04-02-05-29,2.0600000000000001,295.5
2014-04-02-05-40,2.2400000000000002,291.30000000000001
2014-04-02-05-50,1.76,299.39999999999998
2014-04-02-06-00,1.5900000000000001,299.5
2014-04-02-06-10,0.97999999999999998,314.89999999999998
2014-04-02-06-20,0.42999999999999999,304.0
2014-04-02-06-30,0.84999999999999998,300.80000000000001
2014-04-02-06-40,0.75,298.69999999999999
2014-04-02-06-49,0.84999999999999998,301.39999999999998
2014-04-02-06-59,0.81000000000000005,301.60000000000002
2014-04-02-07-10,1.01,283.5
2014-04-02-07-20,1.3,287.10000000000002
2014-04-02-07-30,1.6699999999999999,294.5
2014-04-02-07-40,1.3400000000000001,305.5
2014-04-02-07-50,0.40999999999999998,314.19999999999999
2014-04-02-08-00,0.33000000000000002,316.39999999999998
2014-04-02-08-10,0.32000000000000001,314.60000000000002
2014-04-02-08-19,0.56999999999999995,277.80000000000001
2014-04-02-08-29,0.38,330.69999999999999
2014-04-02-08-40,0.20999999999999999,50.530000000000001
2014-04-02-08-50,0.16,79.299999999999997
2014-04-02-09-10,0.13,223.19999999999999
2014-04-02-09-20,0.17000000000000001,235.09999999999999
2014-04-02-09-30,1.1399999999999999,56.700000000000003
2014-04-02-09-40,1.3300000000000001,35.939999999999998
2014-04-02-09-49,1.45,56.799999999999997
2014-04-02-09-59,1.7,52.700000000000003
2014-04-02-10-10,0.52000000000000002,20.539999999999999
2014-04-02-10-20,0.37,331.80000000000001
2014-04-02-10-30,0.46000000000000002,292.89999999999998
2014-04-02-10-40,0.46999999999999997,297.19999999999999
2014-04-02-10-50,0.39000000000000001,269.89999999999998
2014-04-02-11-00,0.5,274.69999999999999
2014-04-02-11-10,0.46999999999999997,291.10000000000002
2014-04-02-11-19,0.38,285.0
2014-04-02-11-29,1.1299999999999999,312.30000000000001
2014-04-02-11-40,0.85999999999999999,285.39999999999998
2014-04-02-11-50,1.5600000000000001,281.0
2014-04-02-12-00,1.3899999999999999,273.69999999999999
2014-04-02-12-10,1.1899999999999999,265.30000000000001
2014-04-02-12-20,0.40000000000000002,269.10000000000002
2014-04-02-12-30,0.12,358.5
2014-04-02-12-40,0.73999999999999999,30.010000000000002
2014-04-02-12-49,0.55000000000000004,45.43
2014-04-02-12-59,0.35999999999999999,67.200000000000003
2014-04-02-13-10,0.20999999999999999,285.89999999999998
2014-04-02-13-20,0.79000000000000004,280.39999999999998
2014-04-02-13-30,0.82999999999999996,273.80000000000001
2014-04-02-13-40,0.53000000000000003,271.5
2014-04-02-13-50,0.37,268.5
2014-04-02-14-00,0.16,247.40000000000001
2014-04-02-14-10,0.29999999999999999,244.59999999999999
2014-04-02-14-19,0.19,245.5
2014-04-02-14-29,0.10000000000000001,38.859999999999999
2014-04-02-14-40,0.10000000000000001,97.0
2014-04-02-14-50,0.77000000000000002,102.90000000000001
2014-04-02-15-00,1.6799999999999999,103.0
2014-04-02-15-10,2.0899999999999999,105.5
2014-04-02-15-20,2.6000000000000001,113.8
2014-04-02-15-30,2.8399999999999999,118.8
2014-04-02-15-40,3.21,118.7
2014-04-02-15-49,3.3700000000000001,124.8
2014-04-02-15-59,3.77,122.3
2014-04-02-16-10,3.7799999999999998,119.0
2014-04-02-16-20,3.4399999999999999,126.5
2014-04-02-16-30,3.9700000000000002,117.09999999999999
2014-04-02-16-40,4.5300000000000002,114.7
2014-04-02-16-50,4.8899999999999997,118.2
2014-04-02-17-00,4.6299999999999999,121.7
2014-04-02-17-10,5.04,128.19999999999999
2014-04-02-17-19,5.5099999999999998,128.69999999999999
2014-04-02-17-29,5.5800000000000001,130.5
2014-04-02-17-40,5.1200000000000001,130.19999999999999
2014-04-02-17-50,5.1100000000000003,132.0
2014-04-02-18-00,5.2699999999999996,134.09999999999999
2014-04-02-18-10,5.3099999999999996,128.5
2014-04-02-18-20,5.7999999999999998,130.30000000000001
2014-04-02-18-30,5.3600000000000003,131.69999999999999
2014-04-02-18-40,5.1100000000000003,130.30000000000001
2014-04-02-18-49,5.2000000000000002,126.90000000000001
2014-04-02-18-59,4.7599999999999998,123.5
2014-04-02-19-10,5.0999999999999996,123.90000000000001
2014-04-02-19-20,5.4100000000000001,126.3
2014-04-02-19-30,5.1500000000000004,124.59999999999999
2014-04-02-19-40,5.21,123.7
2014-04-02-19-50,5.0300000000000002,117.59999999999999
2014-04-02-20-00,4.8799999999999999,116.2
2014-04-02-20-10,4.9299999999999997,116.8
2014-04-02-20-19,4.8099999999999996,114.5
2014-04-02-20-29,4.6200000000000001,118.59999999999999
2014-04-02-20-40,4.8200000000000003,125.0
2014-04-02-20-50,4.6399999999999997,123.90000000000001
2014-04-02-21-00,5.0599999999999996,128.0
2014-04-02-21-10,5.2599999999999998,126.2
2014-04-02-21-20,5.3600000000000003,127.40000000000001
2014-04-02-21-30,5.71,130.69999999999999
2014-04-02-21-40,5.6399999999999997,128.19999999999999
2014-04-02-21-49,5.4299999999999997,131.90000000000001
2014-04-02-21-59,4.8600000000000003,127.2
2014-04-02-22-10,4.8899999999999997,126.40000000000001
2014-04-02-22-20,4.7999999999999998,129.59999999999999
2014-04-02-22-30,4.8600000000000003,126.5
2014-04-02-22-40,4.6799999999999997,126.90000000000001
2014-04-02-22-50,4.4100000000000001,121.09999999999999
2014-04-02-23-00,3.8599999999999999,128.30000000000001
2014-04-02-23-10,3.8399999999999999,131.90000000000001
2014-04-02-23-19,3.77,129.30000000000001
2014-04-02-23-29,2.8799999999999999,113.09999999999999
2014-04-02-23-40,2.7400000000000002,118.5
2014-04-02-23-50,2.8999999999999999,127.5
2014-04-03-00-00,3.27,132.09999999999999
2014-04-03-00-10,3.6499999999999999,137.0
2014-04-03-00-20,3.77,135.19999999999999
2014-04-03-00-30,3.48,133.30000000000001
2014-04-03-00-40,3.3900000000000001,134.90000000000001
2014-04-03-00-49,3.8199999999999998,151.30000000000001
2014-04-03-00-59,3.6899999999999999,156.90000000000001
2014-04-03-01-10,3.5699999999999998,163.0
2014-04-03-01-20,3.3100000000000001,163.0
2014-04-03-01-30,3.48,175.5
2014-04-03-01-40,3.5699999999999998,183.0
2014-04-03-01-50,4.3399999999999999,195.80000000000001
2014-04-03-02-00,4.2599999999999998,201.30000000000001
2014-04-03-02-10,3.98,198.80000000000001
2014-04-03-02-19,4.0700000000000003,202.40000000000001
2014-04-03-02-29,4.0800000000000001,205.59999999999999
2014-04-03-02-40,3.0699999999999998,204.90000000000001
2014-04-03-02-50,3.0899999999999999,205.5
2014-04-03-03-00,2.75,210.40000000000001
2014-04-03-03-10,3.1000000000000001,207.40000000000001
2014-04-03-03-20,3.6000000000000001,207.19999999999999
2014-04-03-03-30,3.29,199.0
2014-04-03-03-40,3.75,195.80000000000001
2014-04-03-03-49,4.1699999999999999,198.09999999999999
2014-04-03-03-59,3.1800000000000002,200.90000000000001
2014-04-03-04-10,2.3100000000000001,192.80000000000001
2014-04-03-04-20,1.3600000000000001,216.40000000000001
2014-04-03-04-30,1.1399999999999999,237.90000000000001
2014-04-03-04-40,1.05,253.5
2014-04-03-04-50,1.55,241.90000000000001
2014-04-03-05-00,1.4199999999999999,238.90000000000001
2014-04-03-05-10,1.3899999999999999,225.69999999999999
2014-04-03-05-19,1.98,228.90000000000001
2014-04-03-05-29,1.3899999999999999,254.69999999999999
2014-04-03-05-40,1.29,299.0
2014-04-03-05-50,2.1400000000000001,310.19999999999999
2014-04-03-06-00,1.98,294.80000000000001
2014-04-03-06-10,1.8899999999999999,286.19999999999999
2014-04-03-06-20,1.8899999999999999,284.60000000000002
2014-04-03-06-30,2.0699999999999998,282.39999999999998
2014-04-03-06-40,2.3999999999999999,280.39999999999998
2014-04-03-06-49,2.4900000000000002,268.30000000000001
2014-04-03-06-59,2.3300000000000001,267.89999999999998
2014-04-03-07-10,2.5299999999999998,271.5
2014-04-03-07-20,2.5099999999999998,277.69999999999999
2014-04-03-07-30,2.9399999999999999,269.80000000000001
2014-04-03-07-40,3.5099999999999998,273.39999999999998
2014-04-03-07-50,3.0099999999999998,269.60000000000002
2014-04-03-08-00,3.79,275.39999999999998
2014-04-03-08-10,3.4199999999999999,283.10000000000002
2014-04-03-08-19,3.0800000000000001,281.80000000000001
2014-04-03-08-29,3.5,273.89999999999998
2014-04-03-08-40,3.0699999999999998,280.30000000000001
2014-04-03-08-50,2.3199999999999998,290.89999999999998
2014-04-03-09-00,1.9299999999999999,296.69999999999999
2014-04-03-09-10,2.6299999999999999,283.80000000000001
2014-04-03-09-20,3.8100000000000001,267.80000000000001
2014-04-03-09-30,3.71,269.0
2014-04-03-09-40,4.2800000000000002,274.60000000000002
2014-04-03-09-49,4.0,281.80000000000001
2014-04-03-09-59,3.73,282.89999999999998
2014-04-03-10-10,3.4300000000000002,290.80000000000001
2014-04-03-10-20,3.0299999999999998,301.89999999999998
2014-04-03-10-30,3.8100000000000001,308.19999999999999
2014-04-03-10-40,5.6200000000000001,317.89999999999998
2014-04-03-10-50,5.3200000000000003,321.39999999999998
2014-04-03-11-00,5.4400000000000004,319.0
2014-04-03-11-10,5.9900000000000002,323.80000000000001
2014-04-03-11-19,6.3099999999999996,325.60000000000002
2014-04-03-11-29,6.6799999999999997,325.80000000000001
2014-04-03-11-40,6.1600000000000001,332.30000000000001
2014-04-03-11-50,5.8799999999999999,336.69999999999999
2014-04-03-12-00,4.6100000000000003,344.50999999999999
2014-04-03-12-10,4.1699999999999999,332.69999999999999
2014-04-03-12-20,4.2000000000000002,345.97000000000003
2014-04-03-12-30,3.8300000000000001,340.60000000000002
2014-04-03-12-40,3.96,344.94999999999999
2014-04-03-12-49,2.8999999999999999,342.0
2014-04-03-12-59,3.1200000000000001,342.69999999999999
2014-04-03-13-10,2.3999999999999999,342.5
2014-04-03-13-20,2.98,345.57999999999998
2014-04-03-13-30,3.6000000000000001,353.25999999999999
2014-04-03-13-40,4.4900000000000002,352.17000000000002
2014-04-03-13-50,4.8799999999999999,11.56
2014-04-03-14-00,4.9199999999999999,8.8499999999999996
2014-04-03-14-10,4.8399999999999999,8.0
2014-04-03-14-19,5.0499999999999998,13.41
2014-04-03-14-29,4.3700000000000001,10.279999999999999
2014-04-03-14-40,4.21,14.970000000000001
2014-04-03-14-50,3.9199999999999999,17.57
2014-04-03-15-00,3.9900000000000002,29.309999999999999
2014-04-03-15-10,3.5899999999999999,34.789999999999999
2014-04-03-15-20,3.9399999999999999,44.170000000000002
2014-04-03-15-30,4.3399999999999999,53.299999999999997
2014-04-03-15-40,4.7999999999999998,54.200000000000003
2014-04-03-15-49,4.8700000000000001,56.799999999999997
2014-04-03-15-59,5.5899999999999999,57.700000000000003
2014-04-03-16-10,4.8899999999999997,66.0
2014-04-03-16-20,4.8399999999999999,69.5
2014-04-03-16-30,4.1100000000000003,75.799999999999997
2014-04-03-16-40,2.8100000000000001,79.700000000000003
2014-04-04-07-10,1.28,40.380000000000003
2014-04-04-07-20,6.0800000000000001,40.039999999999999
2014-04-04-07-30,5.9000000000000004,40.869999999999997
2014-04-04-07-40,6.3099999999999996,43.07
2014-04-04-07-50,6.0199999999999996,43.840000000000003
2014-04-04-08-00,5.9199999999999999,41.969999999999999
2014-04-04-08-10,6.46,44.789999999999999
2014-04-04-08-19,6.4900000000000002,42.380000000000003
2014-04-04-08-29,6.1399999999999997,47.170000000000002
2014-04-04-08-40,6.0599999999999996,50.829999999999998
2014-04-04-08-50,6.2199999999999998,48.289999999999999
2014-04-04-09-00,6.04,47.520000000000003
2014-04-04-09-10,5.9800000000000004,50.109999999999999
2014-04-04-09-20,6.2699999999999996,46.979999999999997
2014-04-04-09-30,5.7400000000000002,43.670000000000002
2014-04-04-09-40,6.1500000000000004,42.109999999999999
2014-04-04-09-49,6.1900000000000004,44.5
2014-04-04-09-59,5.7999999999999998,43.450000000000003
2014-04-04-10-10,5.75,46.700000000000003
2014-04-04-10-20,5.54,43.450000000000003
2014-04-04-10-30,6.0700000000000003,44.859999999999999
2014-04-04-10-40,6.1100000000000003,43.229999999999997
2014-04-04-10-50,5.9100000000000001,41.329999999999998
2014-04-04-11-00,6.0499999999999998,43.259999999999998
2014-04-04-11-10,6.2800000000000002,49.189999999999998
2014-04-04-11-19,6.4500000000000002,48.979999999999997
2014-04-04-11-29,6.2599999999999998,49.57
2014-04-04-11-40,6.5899999999999999,42.700000000000003
2014-04-04-11-50,6.4500000000000002,48.299999999999997
2014-04-04-12-00,6.1600000000000001,49.399999999999999
2014-04-04-12-10,6.2599999999999998,47.780000000000001
2014-04-04-12-20,6.2699999999999996,49.859999999999999
2014-04-04-12-30,5.7800000000000002,50.140000000000001
2014-04-04-12-40,5.1900000000000004,46.460000000000001
2014-04-04-12-49,5.0300000000000002,54.0
2014-04-04-12-59,5.3700000000000001,56.700000000000003
2014-04-04-13-10,5.4800000000000004,55.200000000000003
2014-04-04-13-20,4.9500000000000002,58.899999999999999
2014-04-04-13-30,4.7300000000000004,57.600000000000001
2014-04-04-13-40,4.9699999999999998,55.399999999999999
2014-04-04-13-50,4.5800000000000001,59.200000000000003
2014-04-04-14-00,4.4900000000000002,62.100000000000001
2014-04-04-14-10,4.4800000000000004,66.5
2014-04-04-14-19,4.5199999999999996,66.299999999999997
2014-04-04-14-29,4.3899999999999997,62.200000000000003
2014-04-04-14-40,4.4400000000000004,63.100000000000001
2014-04-04-14-50,4.6900000000000004,72.099999999999994
2014-04-04-15-00,5.2599999999999998,68.599999999999994
2014-04-04-15-10,5.2400000000000002,70.900000000000006
2014-04-04-15-20,5.5099999999999998,72.700000000000003
2014-04-04-15-30,5.6200000000000001,73.900000000000006
2014-04-04-15-40,5.1600000000000001,74.900000000000006
2014-04-04-15-49,5.5999999999999996,72.5
2014-04-04-15-59,5.4900000000000002,75.200000000000003
2014-04-04-16-10,5.8600000000000003,77.900000000000006
2014-04-04-16-20,5.9299999999999997,83.400000000000006
2014-04-04-16-30,5.4299999999999997,85.200000000000003
2014-04-04-16-40,5.5099999999999998,92.799999999999997
2014-04-04-16-50,5.4199999999999999,95.5
2014-04-04-17-00,5.4500000000000002,93.700000000000003
2014-04-04-17-10,5.46,95.599999999999994
2014-04-04-17-19,5.3799999999999999,96.400000000000006
2014-04-04-17-29,5.1900000000000004,95.400000000000006
2014-04-04-17-40,5.1600000000000001,95.900000000000006
2014-04-04-17-50,4.9500000000000002,99.299999999999997
2014-04-04-18-00,4.7699999999999996,98.0
2014-04-04-18-10,4.9800000000000004,99.799999999999997
2014-04-04-18-20,4.8399999999999999,105.90000000000001
2014-04-04-18-30,4.5499999999999998,117.5
2014-04-04-18-40,4.4400000000000004,116.8
2014-04-04-18-49,4.4000000000000004,114.2
2014-04-04-18-59,5.0800000000000001,108.40000000000001
2014-04-04-19-10,5.6399999999999997,106.7
2014-04-04-19-20,5.7000000000000002,105.7
2014-04-04-19-30,5.7999999999999998,107.40000000000001
2014-04-04-19-40,5.0499999999999998,104.5
2014-04-04-19-50,5.1100000000000003,109.59999999999999
2014-04-04-20-00,4.7699999999999996,106.7
2014-04-04-20-10,4.6799999999999997,110.2
2014-04-04-20-19,4.4100000000000001,110.40000000000001
2014-04-04-20-29,4.8700000000000001,110.5
2014-04-04-20-40,5.0099999999999998,109.90000000000001
2014-04-04-20-50,5.1100000000000003,108.5
2014-04-04-21-00,5.1399999999999997,108.5
2014-04-04-21-10,4.7599999999999998,105.5
2014-04-04-21-20,4.96,109.09999999999999
2014-04-04-21-30,5.1299999999999999,110.8
2014-04-04-21-40,5.5099999999999998,111.8
2014-04-04-21-49,5.5,114.0
2014-04-04-21-59,5.3200000000000003,109.8
2014-04-04-22-10,5.6399999999999997,107.0
2014-04-04-22-20,5.6699999999999999,107.59999999999999
2014-04-04-22-30,6.0899999999999999,108.09999999999999
2014-04-04-22-40,6.2000000000000002,111.0
2014-04-04-22-50,7.2000000000000002,107.7
2014-04-04-23-00,7.0099999999999998,112.8
2014-04-04-23-10,6.6299999999999999,111.59999999999999
2014-04-04-23-19,6.7199999999999998,109.8
2014-04-04-23-29,6.7699999999999996,109.40000000000001
2014-04-04-23-40,6.5800000000000001,112.7
2014-04-04-23-50,6.7699999999999996,112.3
2014-04-05-00-00,7.1500000000000004,111.40000000000001
2014-04-05-00-10,6.7199999999999998,112.7
2014-04-05-00-20,6.3300000000000001,109.8
2014-04-05-00-30,1.6399999999999999,110.7
2014-04-05-06-49,7.1299999999999999,68.599999999999994
2014-04-05-06-59,5.7599999999999998,62.5
2014-04-05-07-10,7.1600000000000001,69.900000000000006
2014-04-05-07-20,7.0300000000000002,71.900000000000006
2014-04-05-07-30,7.3399999999999999,77.799999999999997
2014-04-05-07-40,5.29,43.380000000000003
2014-04-05-07-50,3.8999999999999999,24.239999999999998
2014-04-05-08-00,6.1299999999999999,59.200000000000003
2014-04-05-08-10,4.4699999999999998,46.399999999999999
2014-04-05-08-19,4.8600000000000003,53.100000000000001
2014-04-05-08-29,4.9100000000000001,56.200000000000003
2014-04-05-08-40,5.9400000000000004,68.599999999999994
2014-04-05-08-50,5.6699999999999999,80.299999999999997
2014-04-05-09-00,4.1799999999999997,63.200000000000003
2014-04-05-09-10,5.1399999999999997,74.0
2014-04-05-09-20,3.8599999999999999,66.0
2014-04-05-09-30,3.3199999999999998,62.799999999999997
2014-04-05-09-40,2.7599999999999998,62.600000000000001
2014-04-05-09-49,2.7599999999999998,59.799999999999997
2014-04-05-09-59,2.4199999999999999,45.670000000000002
2014-04-05-10-10,2.25,26.25
2014-04-05-10-20,3.3300000000000001,339.0
2014-04-05-10-30,3.3500000000000001,330.5
2014-04-05-10-40,3.4500000000000002,341.19999999999999
2014-04-05-10-50,1.48,327.39999999999998
2014-04-05-11-19,0.33000000000000002,303.89999999999998
2014-04-05-11-29,3.8100000000000001,311.60000000000002
2014-04-05-11-40,0.81999999999999995,307.39999999999998
2014-04-05-19-10,6.3600000000000003,279.39999999999998
2014-04-05-19-20,7.54,278.69999999999999
2014-04-05-19-30,6.8899999999999997,274.19999999999999
2014-04-05-19-40,7.54,274.60000000000002
2014-04-05-19-50,6.25,274.0
2014-04-05-20-00,7.4299999999999997,272.89999999999998
2014-04-05-20-10,9.3900000000000006,286.39999999999998
2014-04-05-20-19,9.0899999999999999,292.19999999999999
2014-04-05-20-29,7.5599999999999996,274.60000000000002
2014-04-05-20-40,6.5700000000000003,270.89999999999998
2014-04-05-20-50,6.0999999999999996,263.30000000000001
2014-04-05-21-00,5.4900000000000002,261.39999999999998
2014-04-05-21-10,5.0599999999999996,258.5
2014-04-05-21-20,4.79,266.80000000000001
2014-04-05-21-30,5.1799999999999997,272.80000000000001
2014-04-05-21-40,6.9199999999999999,284.30000000000001
2014-04-05-21-49,6.1799999999999997,289.89999999999998
2014-04-05-21-59,6.9000000000000004,286.60000000000002
2014-04-05-22-10,5.6900000000000004,285.5
2014-04-05-22-20,5.8600000000000003,288.60000000000002
2014-04-05-22-30,4.9000000000000004,286.80000000000001
2014-04-05-22-40,6.5999999999999996,288.19999999999999
2014-04-05-22-50,6.9500000000000002,283.10000000000002
2014-04-05-23-00,7.3499999999999996,282.30000000000001
2014-04-05-23-10,9.9499999999999993,288.39999999999998
2014-04-05-23-19,10.32,292.10000000000002
2014-04-05-23-29,9.7599999999999998,289.30000000000001
2014-04-05-23-40,11.26,283.0
2014-04-05-23-50,10.539999999999999,285.60000000000002
2014-04-06-00-00,11.69,281.10000000000002
2014-04-06-00-10,10.869999999999999,285.0
2014-04-06-00-20,9.7300000000000004,283.10000000000002
2014-04-06-00-30,10.880000000000001,281.80000000000001
2014-04-06-00-40,10.390000000000001,279.5
2014-04-06-00-49,10.380000000000001,273.10000000000002
2014-04-06-00-59,10.710000000000001,277.80000000000001
2014-04-06-01-10,11.91,277.69999999999999
2014-04-06-01-20,11.44,281.0
2014-04-06-01-30,10.17,280.10000000000002
2014-04-06-01-40,9.4499999999999993,275.80000000000001
2014-04-06-01-50,9.9800000000000004,274.10000000000002
2014-04-06-02-00,9.4700000000000006,271.39999999999998
2014-04-06-02-10,8.4800000000000004,275.19999999999999
2014-04-06-02-19,8.7200000000000006,281.5
2014-04-06-02-29,8.2200000000000006,285.39999999999998
2014-04-06-02-40,9.4499999999999993,289.39999999999998
2014-04-06-02-50,10.279999999999999,292.60000000000002
2014-04-06-03-00,9.25,293.19999999999999
2014-04-06-03-10,8.0899999999999999,292.5
2014-04-06-03-20,8.2699999999999996,293.80000000000001
2014-04-06-03-30,8.1600000000000001,294.0
2014-04-06-03-40,7.4199999999999999,293.0
2014-04-06-03-49,7.8499999999999996,291.60000000000002
2014-04-06-03-59,7.7699999999999996,298.19999999999999
2014-04-06-04-10,7.7400000000000002,292.69999999999999
2014-04-06-04-20,8.0,294.60000000000002
2014-04-06-04-30,7.2800000000000002,295.69999999999999
2014-04-06-04-40,6.9299999999999997,293.39999999999998
2014-04-06-04-50,7.3700000000000001,295.5
2014-04-06-05-00,8.0700000000000003,297.60000000000002
2014-04-06-05-10,8.1500000000000004,298.30000000000001
2014-04-06-05-19,8.4800000000000004,297.30000000000001
2014-04-06-05-29,6.7599999999999998,295.19999999999999
2014-04-06-05-40,7.2400000000000002,292.0
2014-04-06-05-50,6.7699999999999996,292.60000000000002
2014-04-06-06-00,6.2000000000000002,289.30000000000001
2014-04-06-06-10,6.0999999999999996,283.60000000000002
2014-04-06-06-20,6.8899999999999997,281.0
2014-04-06-06-30,6.54,281.80000000000001
2014-04-06-06-40,7.2300000000000004,281.10000000000002
2014-04-06-06-49,6.54,281.0
2014-04-06-06-59,6.8399999999999999,286.60000000000002
2014-04-06-07-10,6.8200000000000003,285.5
2014-04-06-07-20,6.3799999999999999,279.39999999999998
2014-04-06-07-30,6.3399999999999999,279.30000000000001
2014-04-06-07-40,5.4800000000000004,266.60000000000002
2014-04-06-07-50,5.71,278.69999999999999
2014-04-06-08-00,6.7800000000000002,290.10000000000002
2014-04-06-08-10,6.0300000000000002,287.80000000000001
2014-04-06-08-19,6.1500000000000004,284.10000000000002
2014-04-06-08-29,6.4299999999999997,286.89999999999998
2014-04-06-08-40,6.1699999999999999,283.19999999999999
2014-04-06-08-50,6.4000000000000004,283.19999999999999
2014-04-06-09-00,6.5300000000000002,282.69999999999999
2014-04-06-09-10,5.8600000000000003,281.89999999999998
2014-04-06-09-20,6.1600000000000001,279.89999999999998
2014-04-06-09-30,6.0899999999999999,279.69999999999999
2014-04-06-09-40,5.8300000000000001,281.39999999999998
2014-04-06-09-49,5.8899999999999997,280.19999999999999
2014-04-06-09-59,6.1699999999999999,277.30000000000001
2014-04-06-10-10,5.8799999999999999,278.0
2014-04-06-10-20,5.79,271.80000000000001
2014-04-06-10-30,5.5499999999999998,270.89999999999998
2014-04-06-10-40,5.7800000000000002,275.60000000000002
2014-04-06-10-50,6.4699999999999998,276.69999999999999
2014-04-06-11-00,7.4199999999999999,275.80000000000001
2014-04-06-11-10,7.8700000000000001,277.80000000000001
2014-04-06-11-19,7.3700000000000001,275.30000000000001
2014-04-06-11-29,6.8799999999999999,272.39999999999998
2014-04-06-11-40,6.7599999999999998,272.19999999999999
2014-04-06-11-50,6.0800000000000001,269.80000000000001
2014-04-06-12-00,7.0499999999999998,271.80000000000001
2014-04-06-12-10,6.96,273.89999999999998
2014-04-06-12-20,7.04,277.0
2014-04-06-12-30,5.96,278.30000000000001
2014-04-06-12-40,5.8300000000000001,278.69999999999999
2014-04-06-12-49,6.2599999999999998,287.39999999999998
2014-04-06-12-59,6.4900000000000002,286.5
2014-04-06-13-10,5.3700000000000001,284.5
2014-04-06-13-20,5.54,291.5
2014-04-06-13-30,5.3399999999999999,287.5
2014-04-06-13-40,6.1500000000000004,290.80000000000001
2014-04-06-13-50,5.5099999999999998,285.30000000000001
2014-04-06-14-00,6.0,280.30000000000001
2014-04-06-14-10,5.4699999999999998,279.39999999999998
2014-04-06-14-19,5.6399999999999997,271.60000000000002
2014-04-06-14-29,5.0599999999999996,266.0
2014-04-06-14-40,5.2300000000000004,263.30000000000001
2014-04-06-14-50,4.5199999999999996,253.59999999999999
2014-04-06-15-00,4.5999999999999996,246.40000000000001
2014-04-06-15-10,5.1500000000000004,256.39999999999998
2014-04-06-15-20,4.9900000000000002,253.19999999999999
2014-04-06-15-30,5.0999999999999996,251.09999999999999
2014-04-06-15-40,4.4000000000000004,253.0
2014-04-06-15-49,4.0599999999999996,245.69999999999999
2014-04-06-15-59,3.8199999999999998,236.5
2014-04-06-16-10,3.6600000000000001,236.30000000000001
2014-04-06-16-20,3.71,237.69999999999999
2014-04-06-16-30,3.4700000000000002,224.30000000000001
2014-04-06-16-40,3.6699999999999999,228.59999999999999
2014-04-06-16-50,3.79,239.0
2014-04-06-17-00,4.0199999999999996,241.69999999999999
2014-04-06-17-10,4.0099999999999998,236.40000000000001
2014-04-06-17-19,4.1600000000000001,239.80000000000001
2014-04-06-17-29,4.5899999999999999,217.0
2014-04-06-17-40,4.3300000000000001,215.40000000000001
2014-04-06-17-50,4.29,215.30000000000001
2014-04-06-18-00,3.96,215.30000000000001
2014-04-06-18-10,2.8700000000000001,201.40000000000001
2014-04-06-18-20,4.0099999999999998,214.59999999999999
2014-04-06-18-30,4.1699999999999999,200.30000000000001
2014-04-06-18-40,4.5099999999999998,198.90000000000001
2014-04-06-18-49,4.7199999999999998,196.30000000000001
2014-04-06-18-59,4.4800000000000004,191.0
2014-04-06-19-10,3.96,181.5
2014-04-06-19-20,4.0,205.40000000000001
2014-04-06-19-30,3.9300000000000002,204.40000000000001
2014-04-06-19-40,3.54,190.19999999999999
2014-04-06-19-50,3.9399999999999999,195.69999999999999
2014-04-06-20-00,3.8500000000000001,202.0
2014-04-06-20-10,3.8900000000000001,197.30000000000001
2014-04-06-20-19,2.8799999999999999,193.90000000000001
2014-04-06-20-29,3.25,201.5
2014-04-06-20-40,2.8700000000000001,216.0
2014-04-06-20-50,3.6699999999999999,220.40000000000001
2014-04-06-21-00,2.9500000000000002,199.69999999999999
2014-04-06-21-10,2.79,188.19999999999999
2014-04-06-21-20,3.4100000000000001,205.40000000000001
2014-04-06-21-30,2.2999999999999998,200.09999999999999
2014-04-06-21-40,2.3500000000000001,186.69999999999999
2014-04-06-21-49,3.8399999999999999,169.59999999999999
2014-04-06-21-59,4.0899999999999999,168.0
2014-04-06-22-10,2.5899999999999999,168.19999999999999
2014-04-06-22-20,1.8,136.59999999999999
2014-04-06-22-30,2.1499999999999999,173.59999999999999
2014-04-06-22-40,1.6200000000000001,180.5
2014-04-06-22-50,1.27,163.80000000000001
2014-04-06-23-00,4.2400000000000002,149.59999999999999
2014-04-06-23-10,2.2200000000000002,166.40000000000001
2014-04-06-23-19,1.5700000000000001,176.69999999999999
2014-04-06-23-29,2.5,193.5
2014-04-06-23-40,2.8599999999999999,200.80000000000001
2014-04-06-23-50,2.4100000000000001,213.80000000000001
2014-04-07-00-00,2.3300000000000001,207.09999999999999
2014-04-07-00-10,2.1899999999999999,198.5
2014-04-07-00-20,1.8999999999999999,207.90000000000001
2014-04-07-00-30,2.54,222.80000000000001
2014-04-07-00-40,2.2200000000000002,240.09999999999999
2014-04-07-00-49,2.7999999999999998,234.0
2014-04-07-00-59,2.54,227.59999999999999
2014-04-07-01-10,2.3799999999999999,220.69999999999999
2014-04-07-01-20,2.2599999999999998,217.90000000000001
2014-04-07-01-30,2.1499999999999999,233.40000000000001
2014-04-07-01-40,2.7400000000000002,237.5
2014-04-07-01-50,2.8599999999999999,235.90000000000001
2014-04-07-02-00,2.3100000000000001,220.5
2014-04-07-02-10,2.2599999999999998,232.0
2014-04-07-02-19,1.4299999999999999,251.40000000000001
2014-04-07-02-29,2.0600000000000001,248.19999999999999
2014-04-07-02-40,1.5800000000000001,216.19999999999999
2014-04-07-02-50,1.73,192.19999999999999
2014-04-07-03-00,1.8300000000000001,219.30000000000001
2014-04-07-03-10,1.75,217.0
2014-04-07-03-20,2.7200000000000002,245.30000000000001
2014-04-07-03-30,2.3199999999999998,255.5
2014-04-07-03-40,2.1899999999999999,239.69999999999999
2014-04-07-03-49,2.6899999999999999,253.0
2014-04-07-03-59,2.6699999999999999,247.19999999999999
2014-04-07-04-10,1.77,240.09999999999999
2014-04-07-04-20,1.54,215.40000000000001
2014-04-07-04-30,2.1400000000000001,210.40000000000001
2014-04-07-04-40,1.78,220.5
2014-04-07-04-50,1.23,221.0
2014-04-07-05-00,1.9199999999999999,220.09999999999999
2014-04-07-05-10,1.99,223.90000000000001
2014-04-07-05-19,1.73,227.19999999999999
2014-04-07-05-29,1.6399999999999999,234.30000000000001
2014-04-07-05-40,1.8799999999999999,214.19999999999999
2014-04-07-05-50,0.81999999999999995,237.80000000000001
2014-04-07-06-00,2.0099999999999998,225.0
2014-04-07-06-10,2.25,219.5
2014-04-07-06-20,2.2599999999999998,229.59999999999999
2014-04-07-06-30,1.6599999999999999,230.0
2014-04-07-06-40,1.72,241.5
2014-04-07-06-49,2.8599999999999999,234.09999999999999
2014-04-07-06-59,3.5299999999999998,234.09999999999999
2014-04-07-07-10,3.4900000000000002,228.80000000000001
2014-04-07-07-20,3.3999999999999999,231.5
2014-04-07-07-30,2.6899999999999999,238.59999999999999
2014-04-07-07-40,2.25,235.80000000000001
2014-04-07-07-50,2.0899999999999999,240.5
2014-04-07-08-00,2.3399999999999999,243.59999999999999
2014-04-07-08-10,2.25,245.19999999999999
2014-04-07-08-19,2.25,242.69999999999999
2014-04-07-08-29,2.6699999999999999,239.59999999999999
2014-04-07-08-40,2.8199999999999998,238.69999999999999
2014-04-07-08-50,2.1899999999999999,244.90000000000001
2014-04-07-09-00,1.8300000000000001,246.40000000000001
2014-04-07-09-10,1.1599999999999999,238.40000000000001
2014-04-07-09-20,0.98999999999999999,237.59999999999999
2014-04-07-09-30,0.5,210.90000000000001
2014-04-07-09-40,1.05,209.09999999999999
2014-04-07-09-49,1.47,219.5
2014-04-07-09-59,1.52,220.30000000000001
2014-04-07-10-10,1.3300000000000001,224.80000000000001
2014-04-07-10-20,1.1299999999999999,206.30000000000001
2014-04-07-10-30,1.4299999999999999,187.69999999999999
2014-04-07-10-40,1.0700000000000001,179.40000000000001
2014-04-07-10-50,1.1100000000000001,165.80000000000001
2014-04-07-11-00,1.5700000000000001,168.5
2014-04-07-11-10,2.2400000000000002,181.30000000000001
2014-04-07-11-19,1.8100000000000001,178.0
2014-04-07-11-29,1.6000000000000001,181.90000000000001
2014-04-07-11-40,1.0600000000000001,178.30000000000001
2014-04-07-11-50,0.83999999999999997,166.90000000000001
2014-04-07-12-00,1.1100000000000001,139.0
2014-04-07-12-10,1.3,124.59999999999999
2014-04-07-12-20,1.1200000000000001,120.7
2014-04-07-12-30,1.04,114.2
2014-04-07-12-40,0.76000000000000001,120.8
2014-04-07-12-49,1.2,117.59999999999999
2014-04-07-12-59,1.3300000000000001,140.59999999999999
2014-04-07-13-10,2.1400000000000001,170.59999999999999
2014-04-07-13-20,2.1600000000000001,181.19999999999999
2014-04-07-13-30,1.8700000000000001,174.59999999999999
2014-04-07-13-40,2.2799999999999998,194.0
2014-04-07-13-50,1.55,202.0
2014-04-07-14-00,2.0,185.80000000000001
2014-04-07-14-10,2.0600000000000001,173.09999999999999
2014-04-07-14-19,0.95999999999999996,219.69999999999999
2014-04-07-14-29,0.46000000000000002,249.09999999999999
2014-04-07-14-40,0.19,253.19999999999999
2014-04-07-15-30,0.35999999999999999,357.63999999999999
2014-04-07-15-40,1.04,29.199999999999999
2014-04-07-15-49,1.3999999999999999,61.299999999999997
2014-04-07-15-59,1.3400000000000001,80.299999999999997
2014-04-07-16-10,1.96,95.099999999999994
2014-04-07-16-20,2.48,102.09999999999999
2014-04-07-16-30,2.8300000000000001,107.90000000000001
2014-04-07-16-40,3.29,106.09999999999999
2014-04-07-16-50,3.7200000000000002,111.59999999999999
2014-04-07-17-00,4.1399999999999997,116.40000000000001
2014-04-07-17-10,4.6100000000000003,123.09999999999999
2014-04-07-17-19,4.8399999999999999,128.5
2014-04-07-17-29,5.2699999999999996,142.80000000000001
2014-04-07-17-40,6.5700000000000003,144.40000000000001
2014-04-07-17-50,6.4699999999999998,149.80000000000001
2014-04-07-18-00,6.2400000000000002,149.30000000000001
2014-04-07-18-10,6.7400000000000002,155.5
2014-04-07-18-20,7.1299999999999999,155.90000000000001
2014-04-07-18-30,6.6699999999999999,154.80000000000001
2014-04-07-18-40,6.6500000000000004,157.40000000000001
2014-04-07-18-49,6.5599999999999996,158.30000000000001
2014-04-07-18-59,6.6699999999999999,159.40000000000001
2014-04-07-19-10,6.8600000000000003,162.09999999999999
2014-04-07-19-20,6.9800000000000004,161.0
2014-04-07-19-30,7.3200000000000003,163.90000000000001
2014-04-07-19-40,7.3700000000000001,169.09999999999999
2014-04-07-19-50,7.1600000000000001,169.40000000000001
2014-04-07-20-00,6.7199999999999998,168.80000000000001
2014-04-07-20-10,6.6799999999999997,165.0
2014-04-07-20-19,6.2300000000000004,163.59999999999999
2014-04-07-20-29,5.9400000000000004,157.09999999999999
2014-04-07-20-40,6.5,150.59999999999999
2014-04-07-20-50,6.3799999999999999,146.80000000000001
2014-04-07-21-00,6.2199999999999998,151.0
2014-04-07-21-10,5.4800000000000004,154.30000000000001
2014-04-07-21-20,5.5300000000000002,149.09999999999999
2014-04-07-21-30,5.54,147.90000000000001
2014-04-07-21-40,5.2800000000000002,158.30000000000001
2014-04-07-21-49,4.5,156.90000000000001
2014-04-07-21-59,4.0199999999999996,147.30000000000001
2014-04-07-22-10,4.3200000000000003,149.30000000000001
2014-04-07-22-20,3.77,149.80000000000001
2014-04-07-22-30,3.73,155.40000000000001
2014-04-07-22-40,3.2000000000000002,158.30000000000001
2014-04-07-22-50,3.3300000000000001,159.0
2014-04-07-23-00,4.3499999999999996,149.80000000000001
2014-04-07-23-10,4.04,145.69999999999999
2014-04-07-23-19,4.9000000000000004,143.59999999999999
2014-04-07-23-29,4.75,141.59999999999999
2014-04-07-23-40,4.8200000000000003,140.80000000000001
2014-04-07-23-50,5.2199999999999998,134.90000000000001
2014-04-08-00-00,4.4299999999999997,121.3
2014-04-08-00-10,4.3899999999999997,116.09999999999999
2014-04-08-00-20,4.8799999999999999,117.8
2014-04-08-00-30,5.1600000000000001,118.0
2014-04-08-00-40,5.04,123.7
2014-04-08-00-49,6.46,125.3
2014-04-08-00-59,6.4299999999999997,122.8
2014-04-08-01-10,6.9100000000000001,120.8
2014-04-08-01-20,6.5999999999999996,125.09999999999999
2014-04-08-01-30,6.5599999999999996,123.90000000000001
2014-04-08-01-40,6.5199999999999996,123.7
2014-04-08-01-50,6.5999999999999996,125.2
2014-04-08-02-00,5.71,127.0
2014-04-08-02-10,5.4800000000000004,126.59999999999999
2014-04-08-02-19,5.1200000000000001,127.59999999999999
2014-04-08-02-29,5.0899999999999999,129.59999999999999
2014-04-08-02-40,5.6200000000000001,121.0
2014-04-08-02-50,6.0899999999999999,124.90000000000001
2014-04-08-03-00,6.4299999999999997,123.0
2014-04-08-03-10,6.6799999999999997,121.0
2014-04-08-03-20,6.8799999999999999,121.2
2014-04-08-03-30,7.7199999999999998,120.2
2014-04-08-03-40,8.4399999999999995,120.40000000000001
2014-04-08-03-49,8.6400000000000006,121.2
2014-04-08-03-59,8.0199999999999996,115.2
2014-04-08-04-10,7.4900000000000002,118.09999999999999
2014-04-08-04-20,7.46,115.0
2014-04-08-04-30,7.1299999999999999,118.0
2014-04-08-04-40,7.4800000000000004,114.2
2014-04-08-04-50,7.7599999999999998,110.0
2014-04-08-05-00,7.1799999999999997,115.7
2014-04-08-05-10,7.4299999999999997,112.2
2014-04-08-05-19,6.0199999999999996,102.59999999999999
2014-04-08-05-29,5.8799999999999999,107.09999999999999
2014-04-08-05-40,6.7599999999999998,107.09999999999999
2014-04-08-05-50,8.3499999999999996,104.7
2014-04-08-06-00,8.2699999999999996,105.59999999999999
2014-04-08-06-10,8.2100000000000009,106.59999999999999
2014-04-08-06-20,8.7599999999999998,104.59999999999999
2014-04-08-06-30,8.5299999999999994,105.8
2014-04-08-06-40,9.3699999999999992,105.09999999999999
2014-04-08-06-49,9.1600000000000001,108.5
2014-04-08-06-59,9.3800000000000008,112.40000000000001
2014-04-08-07-10,10.470000000000001,115.90000000000001
2014-04-08-07-20,9.7799999999999994,117.40000000000001
2014-04-08-07-30,9.6099999999999994,125.0
2014-04-08-07-40,9.1500000000000004,127.5
2014-04-08-07-50,9.3900000000000006,126.0
2014-04-08-08-00,10.18,122.90000000000001
2014-04-08-08-10,11.18,122.7
2014-04-08-08-19,10.880000000000001,125.59999999999999
2014-04-08-08-29,10.94,124.90000000000001
2014-04-08-08-40,11.109999999999999,128.19999999999999
2014-04-08-08-50,11.42,137.0
2014-04-08-09-00,10.74,139.59999999999999
2014-04-08-09-10,10.539999999999999,141.80000000000001
2014-04-08-09-20,9.6899999999999995,147.90000000000001
2014-04-08-09-30,8.5,145.80000000000001
2014-04-08-09-40,9.1500000000000004,144.59999999999999
2014-04-08-09-49,9.6899999999999995,146.09999999999999
2014-04-08-09-59,9.25,149.19999999999999
2014-04-08-10-10,9.1600000000000001,148.0
2014-04-08-10-20,8.5,150.80000000000001
2014-04-08-10-30,8.4800000000000004,150.69999999999999
2014-04-08-10-40,8.6999999999999993,152.5
2014-04-08-10-50,8.5199999999999996,146.69999999999999
2014-04-08-11-00,9.0299999999999994,164.0
2014-04-08-11-10,7.8099999999999996,170.80000000000001
2014-04-08-11-19,7.6500000000000004,172.90000000000001
2014-04-08-11-29,6.5599999999999996,180.30000000000001
2014-04-08-11-40,6.2999999999999998,181.30000000000001
2014-04-08-11-50,5.7699999999999996,174.40000000000001
2014-04-08-12-00,6.25,180.19999999999999
2014-04-08-12-10,5.9900000000000002,189.09999999999999
2014-04-08-12-20,6.1399999999999997,177.90000000000001
2014-04-08-12-30,6.5899999999999999,166.59999999999999
2014-04-08-12-40,5.54,174.59999999999999
2014-04-08-12-49,4.3200000000000003,185.69999999999999
2014-04-08-12-59,4.5099999999999998,187.09999999999999
2014-04-08-13-10,4.4900000000000002,174.0
2014-04-08-13-20,2.0899999999999999,167.09999999999999
2014-04-08-13-30,3.7999999999999998,167.5
2014-04-08-13-40,3.7000000000000002,152.5
2014-04-08-13-50,3.9700000000000002,163.5
2014-04-08-14-00,4.7199999999999998,156.0
2014-04-08-14-10,5.3499999999999996,151.90000000000001
2014-04-08-14-19,5.21,156.0
2014-04-08-14-29,5.3799999999999999,158.69999999999999
2014-04-08-14-40,5.1100000000000003,157.80000000000001
2014-04-08-14-50,4.9500000000000002,164.59999999999999
2014-04-08-15-00,4.6299999999999999,167.69999999999999
2014-04-08-15-10,3.96,168.59999999999999
2014-04-08-15-20,4.0899999999999999,176.0
2014-04-08-15-30,4.2199999999999998,173.5
2014-04-08-15-40,3.7200000000000002,175.90000000000001
2014-04-08-15-49,3.1200000000000001,181.0
2014-04-08-15-59,3.6200000000000001,179.19999999999999
2014-04-08-16-10,3.3500000000000001,183.0
2014-04-08-16-20,2.98,195.19999999999999
2014-04-08-16-30,2.6800000000000002,200.59999999999999
2014-04-08-16-40,2.52,196.5
2014-04-08-16-50,1.29,180.40000000000001
2014-04-08-17-00,1.53,178.90000000000001
2014-04-08-17-10,1.6399999999999999,169.0
2014-04-08-17-19,1.5800000000000001,148.30000000000001
2014-04-08-17-29,2.77,145.59999999999999
2014-04-08-17-40,2.4100000000000001,136.90000000000001
2014-04-08-17-50,3.48,155.0
2014-04-08-18-00,3.21,166.09999999999999
2014-04-08-18-10,4.0700000000000003,164.30000000000001
2014-04-08-18-20,3.9300000000000002,168.80000000000001
2014-04-08-18-30,4.2800000000000002,174.69999999999999
2014-04-08-18-40,5.3700000000000001,175.59999999999999
2014-04-08-18-49,5.7400000000000002,166.30000000000001
2014-04-08-18-59,6.0999999999999996,150.0
2014-04-08-19-10,6.8899999999999997,151.40000000000001
2014-04-08-19-20,6.6900000000000004,155.5
2014-04-08-19-30,6.3099999999999996,157.80000000000001
2014-04-08-19-40,6.29,158.69999999999999
2014-04-08-19-50,6.4900000000000002,156.90000000000001
2014-04-08-20-00,6.3399999999999999,158.09999999999999
2014-04-08-20-10,6.3300000000000001,156.90000000000001
2014-04-08-20-19,6.4000000000000004,160.0
2014-04-08-20-29,6.4500000000000002,163.30000000000001
2014-04-08-20-40,7.1399999999999997,170.40000000000001
2014-04-08-20-50,7.1399999999999997,169.80000000000001
2014-04-08-21-00,7.25,170.59999999999999
2014-04-08-21-10,6.7400000000000002,171.19999999999999
2014-04-08-21-20,6.8799999999999999,171.5
2014-04-08-21-30,7.46,174.19999999999999
2014-04-08-21-40,7.6299999999999999,175.19999999999999
2014-04-08-21-49,7.3099999999999996,174.09999999999999
2014-04-08-21-59,7.9100000000000001,179.09999999999999
2014-04-08-22-10,7.79,177.5
2014-04-08-22-20,8.1300000000000008,182.0
2014-04-08-22-30,7.71,180.40000000000001
2014-04-08-22-40,7.29,182.59999999999999
2014-04-08-22-50,7.4199999999999999,182.5
2014-04-08-23-00,7.1600000000000001,185.90000000000001
2014-04-08-23-10,6.9199999999999999,188.80000000000001
2014-04-08-23-19,6.9400000000000004,193.0
2014-04-08-23-29,6.8399999999999999,196.5
2014-04-08-23-40,6.54,200.90000000000001
2014-04-08-23-50,6.5300000000000002,206.30000000000001
2014-04-09-00-00,6.5700000000000003,206.0
2014-04-09-00-10,7.0499999999999998,217.90000000000001
2014-04-09-00-20,8.9499999999999993,234.5
2014-04-09-00-30,10.869999999999999,271.19999999999999
2014-04-09-00-40,9.5700000000000003,278.80000000000001
2014-04-09-00-49,10.56,283.19999999999999
2014-04-09-00-59,8.4700000000000006,272.30000000000001
2014-04-09-01-10,9.0899999999999999,272.69999999999999
2014-04-09-01-20,10.59,273.19999999999999
2014-04-09-01-30,10.710000000000001,270.80000000000001
2014-04-09-01-40,9.6099999999999994,274.30000000000001
2014-04-09-01-50,9.4900000000000002,272.39999999999998
2014-04-09-02-00,9.0099999999999998,275.19999999999999
2014-04-09-02-10,8.2899999999999991,274.19999999999999
2014-04-09-02-19,10.199999999999999,273.69999999999999
2014-04-09-02-29,11.449999999999999,279.10000000000002
2014-04-09-02-40,10.550000000000001,284.19999999999999
2014-04-09-02-50,8.8800000000000008,285.89999999999998
2014-04-09-03-00,7.0300000000000002,274.89999999999998
2014-04-09-03-10,7.3499999999999996,271.0
2014-04-09-03-20,8.7100000000000009,275.5
2014-04-09-03-30,8.2699999999999996,279.39999999999998
2014-04-09-03-40,8.4900000000000002,281.80000000000001
2014-04-09-03-49,8.4399999999999995,279.69999999999999
2014-04-09-03-59,7.6299999999999999,287.39999999999998
2014-04-09-04-10,7.4199999999999999,287.60000000000002
2014-04-09-04-20,6.9900000000000002,286.80000000000001
2014-04-09-04-30,7.0800000000000001,284.80000000000001
2014-04-09-04-40,6.4299999999999997,289.39999999999998
2014-04-09-04-50,6.6200000000000001,281.39999999999998
2014-04-09-05-00,5.5899999999999999,272.89999999999998
2014-04-09-05-10,5.3700000000000001,271.19999999999999
2014-04-09-05-19,5.2800000000000002,266.80000000000001
2014-04-09-05-29,5.5,265.60000000000002
2014-04-09-05-40,5.4900000000000002,261.89999999999998
2014-04-09-05-50,5.1699999999999999,266.30000000000001
2014-04-09-06-00,5.7000000000000002,273.89999999999998
2014-04-09-06-10,5.8899999999999997,278.10000000000002
2014-04-09-06-20,5.3799999999999999,280.39999999999998
2014-04-09-06-30,5.3799999999999999,286.0
2014-04-09-06-40,5.1600000000000001,285.89999999999998
2014-04-09-06-49,4.7699999999999996,286.39999999999998
2014-04-09-06-59,4.21,290.0
2014-04-09-07-10,4.1299999999999999,283.89999999999998
2014-04-09-07-20,3.8500000000000001,287.80000000000001
2014-04-09-07-30,6.5800000000000001,284.0
2014-04-09-07-40,6.7699999999999996,290.10000000000002
2014-04-09-07-50,5.0499999999999998,296.80000000000001
2014-04-09-08-00,5.2199999999999998,289.80000000000001
2014-04-09-08-10,5.5300000000000002,286.30000000000001
2014-04-09-08-19,5.0800000000000001,291.10000000000002
2014-04-09-08-29,5.6100000000000003,284.39999999999998
2014-04-09-08-40,5.1900000000000004,281.89999999999998
2014-04-09-08-50,5.04,287.39999999999998
2014-04-09-09-00,5.8700000000000001,281.89999999999998
2014-04-09-09-10,5.1200000000000001,285.10000000000002
2014-04-09-09-20,5.0800000000000001,285.69999999999999
2014-04-09-09-30,5.4000000000000004,288.0
2014-04-09-09-40,5.4100000000000001,290.10000000000002
2014-04-09-09-49,5.3200000000000003,291.19999999999999
2014-04-09-09-59,5.8499999999999996,297.39999999999998
2014-04-09-10-10,5.4400000000000004,300.80000000000001
2014-04-09-10-20,4.5300000000000002,296.19999999999999
2014-04-09-10-30,4.3499999999999996,289.0
2014-04-09-10-40,4.9100000000000001,285.39999999999998
2014-04-09-10-50,5.4400000000000004,278.39999999999998
2014-04-09-11-00,5.1399999999999997,283.60000000000002
2014-04-09-11-10,4.1399999999999997,275.80000000000001
2014-04-09-11-19,4.0199999999999996,273.89999999999998
2014-04-09-11-29,3.29,270.80000000000001
2014-04-09-11-40,3.5499999999999998,280.0
2014-04-09-11-50,3.5800000000000001,277.60000000000002
2014-04-09-12-00,3.1600000000000001,277.10000000000002
2014-04-09-12-10,2.5499999999999998,270.30000000000001
2014-04-09-12-20,4.5899999999999999,280.5
2014-04-09-12-30,5.1200000000000001,283.5
2014-04-09-12-40,4.3300000000000001,273.30000000000001
2014-04-09-12-49,4.4400000000000004,272.39999999999998
2014-04-09-12-59,5.0700000000000003,266.19999999999999
2014-04-09-13-10,4.71,259.0
2014-04-09-13-20,4.5599999999999996,252.09999999999999
2014-04-09-13-30,4.4699999999999998,253.80000000000001
2014-04-09-13-40,4.7300000000000004,255.90000000000001
2014-04-09-13-50,5.5499999999999998,256.69999999999999
2014-04-09-14-00,4.0199999999999996,247.19999999999999
2014-04-09-14-10,2.9399999999999999,235.90000000000001
2014-04-09-14-19,2.5800000000000001,235.90000000000001
2014-04-09-14-29,2.9700000000000002,239.19999999999999
2014-04-09-14-40,2.29,238.80000000000001
2014-04-09-14-50,1.3799999999999999,227.40000000000001
2014-04-09-15-00,1.9199999999999999,222.5
2014-04-09-15-10,2.3100000000000001,214.19999999999999
2014-04-09-15-20,2.1200000000000001,215.5
2014-04-09-15-30,1.77,219.09999999999999
2014-04-09-15-40,2.6699999999999999,225.19999999999999
2014-04-09-15-49,1.6100000000000001,206.90000000000001
2014-04-09-15-59,2.04,178.09999999999999
2014-04-09-16-10,2.25,184.5
2014-04-09-16-20,1.5900000000000001,170.30000000000001
2014-04-09-16-30,1.3100000000000001,161.09999999999999
2014-04-09-16-40,1.3899999999999999,140.40000000000001
2014-04-09-16-50,1.53,149.59999999999999
2014-04-09-17-00,2.0,160.5
2014-04-09-17-10,0.79000000000000004,337.19999999999999
2014-04-09-17-19,2.2999999999999998,320.60000000000002
2014-04-09-17-29,3.8399999999999999,313.0
2014-04-09-17-40,4.1399999999999997,305.19999999999999
2014-04-09-17-50,2.8900000000000001,317.89999999999998
2014-04-09-18-00,2.8999999999999999,307.10000000000002
2014-04-09-18-10,4.8899999999999997,317.39999999999998
2014-04-09-18-20,5.25,309.60000000000002
2014-04-09-18-30,6.7599999999999998,318.60000000000002
2014-04-09-18-40,7.1100000000000003,332.80000000000001
2014-04-09-18-49,7.1399999999999997,335.60000000000002
2014-04-09-18-59,7.4500000000000002,330.60000000000002
2014-04-09-19-10,7.79,336.30000000000001
2014-04-09-19-20,7.8799999999999999,330.89999999999998
2014-04-09-19-30,7.7400000000000002,322.5
2014-04-09-19-40,8.9100000000000001,322.60000000000002
2014-04-09-19-50,8.6099999999999994,317.30000000000001
2014-04-09-20-00,7.9100000000000001,320.10000000000002
2014-04-09-20-10,8.2699999999999996,318.80000000000001
2014-04-09-20-19,8.0800000000000001,332.0
2014-04-09-20-29,6.8499999999999996,338.10000000000002
2014-04-09-20-40,7.0899999999999999,338.0
2014-04-09-20-50,8.6500000000000004,335.89999999999998
2014-04-09-21-00,8.0199999999999996,338.30000000000001
2014-04-09-21-10,7.4699999999999998,344.43000000000001
2014-04-09-21-20,7.0700000000000003,338.10000000000002
2014-04-09-21-30,7.8200000000000003,335.5
2014-04-09-21-40,7.8600000000000003,336.80000000000001
2014-04-09-21-49,8.1099999999999994,341.30000000000001
2014-04-09-21-59,7.1900000000000004,340.5
2014-04-09-22-10,6.4100000000000001,340.5
2014-04-09-22-20,6.79,335.30000000000001
2014-04-09-22-30,6.8499999999999996,335.89999999999998
2014-04-09-22-40,7.4000000000000004,330.60000000000002
2014-04-09-22-50,7.9900000000000002,329.5
2014-04-09-23-00,8.1600000000000001,330.0
2014-04-09-23-10,7.3399999999999999,330.89999999999998
2014-04-09-23-19,6.5800000000000001,323.39999999999998
2014-04-09-23-29,5.9500000000000002,328.39999999999998
2014-04-09-23-40,5.8300000000000001,324.0
2014-04-09-23-50,5.54,326.60000000000002
2014-04-10-00-00,4.0999999999999996,329.30000000000001
2014-04-10-00-10,4.4199999999999999,329.5
2014-04-10-00-20,4.0999999999999996,327.10000000000002
2014-04-10-00-30,4.7999999999999998,326.60000000000002
2014-04-10-00-40,5.4299999999999997,330.39999999999998
2014-04-10-00-49,6.9100000000000001,328.80000000000001
2014-04-10-00-59,5.7199999999999998,326.5
2014-04-10-01-10,6.1200000000000001,335.80000000000001
2014-04-10-01-20,7.1399999999999997,334.19999999999999
2014-04-10-01-30,8.1899999999999995,333.30000000000001
2014-04-10-01-40,8.4299999999999997,327.69999999999999
2014-04-10-01-50,8.0399999999999991,321.30000000000001
2014-04-10-02-00,7.3099999999999996,320.30000000000001
2014-04-10-02-10,6.9400000000000004,326.60000000000002
2014-04-10-02-19,7.7999999999999998,329.10000000000002
2014-04-10-02-29,8.0800000000000001,320.60000000000002
2014-04-10-02-40,7.54,323.0
2014-04-10-02-50,6.9800000000000004,326.10000000000002
2014-04-10-03-00,6.7599999999999998,325.19999999999999
2014-04-10-03-10,6.1799999999999997,328.10000000000002
2014-04-10-03-20,6.6299999999999999,336.60000000000002
2014-04-10-03-30,6.4900000000000002,340.0
2014-04-10-03-40,6.7000000000000002,331.5
2014-04-10-03-49,6.29,327.10000000000002
2014-04-10-03-59,5.9500000000000002,316.10000000000002
2014-04-10-04-10,6.5700000000000003,309.80000000000001
2014-04-10-04-20,6.8399999999999999,313.60000000000002
2014-04-10-04-30,5.5899999999999999,317.19999999999999
2014-04-10-04-40,5.4500000000000002,311.89999999999998
2014-04-10-04-50,5.04,312.39999999999998
2014-04-10-05-00,4.21,314.80000000000001
2014-04-10-05-10,5.2000000000000002,309.19999999999999
2014-04-10-05-19,5.6100000000000003,309.30000000000001
2014-04-10-05-29,5.6500000000000004,307.89999999999998
2014-04-10-05-40,4.4000000000000004,306.89999999999998
2014-04-10-05-50,3.8399999999999999,308.10000000000002
2014-04-10-06-00,3.3799999999999999,307.5
2014-04-10-06-10,3.3799999999999999,313.10000000000002
2014-04-10-06-20,3.9700000000000002,308.60000000000002
2014-04-10-06-30,4.0800000000000001,294.89999999999998
2014-04-10-06-40,3.6200000000000001,294.10000000000002
2014-04-10-06-49,3.6899999999999999,298.30000000000001
2014-04-10-06-59,4.1200000000000001,291.19999999999999
2014-04-10-07-10,3.9900000000000002,289.60000000000002
2014-04-10-07-20,3.7400000000000002,285.80000000000001
2014-04-10-07-30,3.6299999999999999,285.0
2014-04-10-07-40,3.5499999999999998,285.0
2014-04-10-07-50,2.8300000000000001,287.19999999999999
2014-04-10-08-00,2.2400000000000002,292.10000000000002
2014-04-10-08-10,1.8100000000000001,292.30000000000001
2014-04-10-08-19,2.2000000000000002,296.30000000000001
2014-04-10-08-29,2.5299999999999998,294.5
2014-04-10-08-40,2.1499999999999999,276.30000000000001
2014-04-10-08-50,2.0,255.30000000000001
2014-04-10-09-00,2.0099999999999998,244.0
2014-04-10-09-10,1.78,240.0
2014-04-10-09-20,1.6499999999999999,244.40000000000001
2014-04-10-09-30,1.6200000000000001,227.40000000000001
2014-04-10-09-40,1.97,223.09999999999999
2014-04-10-09-49,1.9299999999999999,222.40000000000001
2014-04-10-09-59,2.0800000000000001,220.5
2014-04-10-10-10,2.5099999999999998,224.90000000000001
2014-04-10-10-20,2.5600000000000001,218.30000000000001
2014-04-10-10-30,2.7200000000000002,208.40000000000001
2014-04-10-10-40,2.8999999999999999,210.40000000000001
2014-04-10-10-50,3.3399999999999999,210.19999999999999
2014-04-10-11-00,3.5699999999999998,222.09999999999999
2014-04-10-11-10,3.4399999999999999,228.09999999999999
2014-04-10-11-19,3.4399999999999999,225.30000000000001
2014-04-10-11-29,3.6400000000000001,205.30000000000001
2014-04-10-11-40,4.1100000000000003,199.09999999999999
2014-04-10-11-50,4.7599999999999998,195.30000000000001
2014-04-10-12-00,4.9699999999999998,196.5
2014-04-10-12-10,5.0700000000000003,204.0
2014-04-10-12-20,5.1900000000000004,211.0
2014-04-10-12-30,4.5899999999999999,211.40000000000001
2014-04-10-12-40,4.9800000000000004,218.5
2014-04-10-12-49,5.2400000000000002,206.59999999999999
2014-04-10-12-59,5.4100000000000001,209.19999999999999
2014-04-10-13-10,5.3499999999999996,211.40000000000001
2014-04-10-13-20,5.7199999999999998,214.0
2014-04-10-13-30,5.3200000000000003,215.80000000000001
2014-04-10-13-40,4.7400000000000002,218.30000000000001
2014-04-10-13-50,4.4299999999999997,222.80000000000001
2014-04-10-14-00,4.4000000000000004,223.59999999999999
2014-04-10-14-10,4.1500000000000004,227.5
2014-04-10-14-19,3.2200000000000002,216.5
2014-04-10-14-29,3.0699999999999998,181.5
2014-04-10-14-40,3.6400000000000001,166.09999999999999
2014-04-10-14-50,3.8999999999999999,171.80000000000001
2014-04-10-15-00,5.2000000000000002,162.90000000000001
2014-04-10-15-10,5.3200000000000003,164.69999999999999
2014-04-10-15-20,4.96,164.5
2014-04-10-15-30,5.0,166.90000000000001
2014-04-10-15-40,4.8700000000000001,166.30000000000001
2014-04-10-15-49,4.4400000000000004,166.0
2014-04-10-15-59,4.4699999999999998,167.69999999999999
2014-04-10-16-10,5.2699999999999996,167.69999999999999
2014-04-10-16-20,5.4100000000000001,165.09999999999999
2014-04-10-16-30,5.1900000000000004,159.30000000000001
2014-04-10-16-40,5.3499999999999996,154.19999999999999
2014-04-10-16-50,5.79,157.19999999999999
2014-04-10-17-00,6.2300000000000004,159.59999999999999
2014-04-10-17-10,6.7800000000000002,159.09999999999999
2014-04-10-17-19,5.96,156.90000000000001
2014-04-10-17-29,6.0,158.59999999999999
2014-04-10-17-40,6.5700000000000003,159.69999999999999
2014-04-10-17-50,6.2400000000000002,157.5
2014-04-10-18-00,6.6799999999999997,162.5
2014-04-10-18-10,5.75,162.09999999999999
2014-04-10-18-20,6.0599999999999996,173.80000000000001
2014-04-10-18-30,7.3799999999999999,181.0
2014-04-10-18-40,7.04,181.0
2014-04-10-18-49,7.9500000000000002,185.19999999999999
2014-04-10-18-59,7.8300000000000001,182.19999999999999
2014-04-10-19-10,8.0800000000000001,183.40000000000001
2014-04-10-19-20,9.0199999999999996,183.30000000000001
2014-04-10-19-30,8.6500000000000004,185.0
2014-04-10-19-40,7.9299999999999997,185.30000000000001
2014-04-10-19-50,7.79,183.59999999999999
2014-04-10-20-00,9.7100000000000009,187.30000000000001
2014-04-10-20-10,9.5399999999999991,190.0
2014-04-10-20-19,9.5999999999999996,196.19999999999999
2014-04-10-20-29,9.0600000000000005,189.40000000000001
2014-04-10-20-40,7.9900000000000002,190.30000000000001
2014-04-10-20-50,7.7599999999999998,184.59999999999999
2014-04-10-21-00,7.9800000000000004,189.59999999999999
2014-04-10-21-10,8.7300000000000004,191.59999999999999
2014-04-10-21-20,7.9299999999999997,186.40000000000001
2014-04-10-21-30,8.5099999999999998,191.19999999999999
2014-04-10-21-40,7.96,188.80000000000001
2014-04-10-21-49,8.5399999999999991,189.69999999999999
2014-04-10-21-59,7.0700000000000003,187.90000000000001
2014-04-10-22-10,6.8899999999999997,188.5
2014-04-10-22-20,7.5199999999999996,186.19999999999999
2014-04-10-22-30,7.3700000000000001,189.5
2014-04-10-22-40,7.8600000000000003,190.30000000000001
2014-04-10-22-50,8.1999999999999993,188.5
2014-04-10-23-00,7.9299999999999997,192.09999999999999
2014-04-10-23-10,8.0199999999999996,196.40000000000001
2014-04-10-23-19,8.3800000000000008,192.59999999999999
2014-04-10-23-29,7.4500000000000002,180.40000000000001
2014-04-10-23-40,7.1500000000000004,192.69999999999999
2014-04-10-23-50,8.4600000000000009,198.30000000000001
2014-04-11-00-00,8.5,200.69999999999999
2014-04-11-00-10,8.6300000000000008,194.69999999999999
2014-04-11-00-20,8.7200000000000006,195.19999999999999
2014-04-11-00-30,8.0600000000000005,196.69999999999999
2014-04-11-00-40,8.4199999999999999,204.09999999999999
2014-04-11-00-49,9.6799999999999997,210.69999999999999
2014-04-11-00-59,9.0500000000000007,206.59999999999999
2014-04-11-01-10,8.5600000000000005,202.5
2014-04-11-01-20,8.5099999999999998,204.09999999999999
2014-04-11-01-30,8.7100000000000009,201.80000000000001
2014-04-11-01-40,7.8600000000000003,199.30000000000001
2014-04-11-01-50,7.0300000000000002,201.30000000000001
2014-04-11-02-00,6.9299999999999997,198.30000000000001
2014-04-11-02-10,7.71,199.80000000000001
2014-04-11-02-19,7.3499999999999996,194.69999999999999
2014-04-11-02-29,7.0,191.30000000000001
2014-04-11-02-40,6.8099999999999996,186.69999999999999
2014-04-11-02-50,6.5599999999999996,193.19999999999999
2014-04-11-03-00,7.0099999999999998,204.59999999999999
2014-04-11-03-10,6.9000000000000004,203.5
2014-04-11-03-20,7.0700000000000003,206.30000000000001
2014-04-11-03-30,5.0700000000000003,185.80000000000001
2014-04-11-03-40,6.0499999999999998,188.09999999999999
2014-04-11-03-49,5.5999999999999996,194.80000000000001
2014-04-11-03-59,6.9500000000000002,199.19999999999999
2014-04-11-04-10,7.4800000000000004,204.40000000000001
2014-04-11-04-20,7.2699999999999996,207.80000000000001
2014-04-11-04-30,7.7199999999999998,210.59999999999999
2014-04-11-04-40,8.1699999999999999,217.30000000000001
2014-04-11-04-50,7.9299999999999997,220.30000000000001
2014-04-11-05-00,7.9500000000000002,224.40000000000001
2014-04-11-05-10,7.6600000000000001,224.69999999999999
2014-04-11-05-19,7.7199999999999998,221.0
2014-04-11-05-29,6.8399999999999999,222.40000000000001
2014-04-11-05-40,7.1900000000000004,223.19999999999999
2014-04-11-05-50,7.9000000000000004,210.69999999999999
2014-04-11-06-00,8.1400000000000006,199.5
2014-04-11-06-10,7.1299999999999999,193.59999999999999
2014-04-11-06-20,6.5899999999999999,189.59999999999999
2014-04-11-06-30,6.6200000000000001,193.19999999999999
2014-04-11-06-40,7.0499999999999998,195.09999999999999
2014-04-11-06-49,7.4199999999999999,197.30000000000001
2014-04-11-06-59,7.4299999999999997,196.80000000000001
2014-04-11-07-10,7.4299999999999997,191.09999999999999
2014-04-11-07-20,6.4299999999999997,185.30000000000001
2014-04-11-07-30,6.0300000000000002,178.5
2014-04-11-07-40,6.2800000000000002,172.80000000000001
2014-04-11-07-50,6.7300000000000004,172.09999999999999
2014-04-11-08-00,7.2599999999999998,172.40000000000001
2014-04-11-08-10,7.0700000000000003,172.40000000000001
2014-04-11-08-19,7.0999999999999996,174.69999999999999
2014-04-11-08-29,7.1600000000000001,183.69999999999999
2014-04-11-08-40,6.9100000000000001,187.90000000000001
2014-04-11-08-50,6.9800000000000004,187.69999999999999
2014-04-11-09-00,7.4299999999999997,194.30000000000001
2014-04-11-09-10,7.5,197.30000000000001
2014-04-11-09-20,7.96,198.19999999999999
2014-04-11-09-30,8.0099999999999998,206.09999999999999
2014-04-11-09-40,7.4900000000000002,214.69999999999999
2014-04-11-09-49,6.4199999999999999,224.40000000000001
2014-04-11-09-59,5.9299999999999997,227.09999999999999
2014-04-11-10-10,6.0099999999999998,223.5
2014-04-11-10-20,6.0800000000000001,222.80000000000001
2014-04-11-10-30,6.1299999999999999,223.69999999999999
2014-04-11-10-40,5.3300000000000001,228.0
2014-04-11-10-50,4.6200000000000001,230.09999999999999
2014-04-11-11-00,4.8899999999999997,229.69999999999999
2014-04-11-11-10,4.5899999999999999,224.59999999999999
2014-04-11-11-19,4.8799999999999999,218.80000000000001
2014-04-11-11-29,4.54,209.5
2014-04-11-11-40,4.2699999999999996,209.19999999999999
2014-04-11-11-50,4.5,212.19999999999999
2014-04-11-12-00,4.7699999999999996,212.5
2014-04-11-12-10,4.7000000000000002,210.30000000000001
2014-04-11-12-20,4.7000000000000002,206.30000000000001
2014-04-11-12-30,4.5300000000000002,204.0
2014-04-11-12-40,4.5899999999999999,210.5
2014-04-11-12-49,4.1200000000000001,214.59999999999999
2014-04-11-12-59,3.6299999999999999,209.90000000000001
2014-04-11-13-10,3.3799999999999999,201.0
2014-04-11-13-20,2.96,206.40000000000001
2014-04-11-13-30,3.4700000000000002,213.90000000000001
2014-04-11-13-40,3.8199999999999998,214.80000000000001
2014-04-11-13-50,4.3700000000000001,208.90000000000001
2014-04-11-14-00,4.29,210.80000000000001
2014-04-11-14-10,3.8999999999999999,204.90000000000001
2014-04-11-14-19,3.71,196.5
2014-04-11-14-29,4.8499999999999996,197.09999999999999
2014-04-11-14-40,5.2000000000000002,194.80000000000001
2014-04-11-14-50,4.9299999999999997,189.0
2014-04-11-15-00,5.0800000000000001,190.09999999999999
2014-04-11-15-10,5.0499999999999998,180.5
2014-04-11-15-20,5.0199999999999996,185.90000000000001
2014-04-11-15-30,5.1600000000000001,186.69999999999999
2014-04-11-15-40,5.2000000000000002,192.09999999999999
2014-04-11-15-49,4.5800000000000001,179.80000000000001
2014-04-11-15-59,4.75,182.40000000000001
2014-04-11-16-10,3.8100000000000001,193.69999999999999
2014-04-11-16-20,3.4900000000000002,195.80000000000001
2014-04-11-16-30,3.98,192.30000000000001
2014-04-11-16-40,4.3799999999999999,189.19999999999999
2014-04-11-16-50,4.0700000000000003,180.19999999999999
2014-04-11-17-00,3.8199999999999998,175.5
2014-04-11-17-10,3.54,182.19999999999999
2014-04-11-17-19,3.2400000000000002,183.19999999999999
2014-04-11-17-29,3.3900000000000001,162.40000000000001
2014-04-11-17-40,3.5600000000000001,173.30000000000001
2014-04-11-17-50,3.9300000000000002,166.0
2014-04-11-18-00,4.3099999999999996,165.30000000000001
2014-04-11-18-10,4.7400000000000002,168.0
2014-04-11-18-20,3.6899999999999999,167.09999999999999
2014-04-11-18-30,4.2599999999999998,165.5
2014-04-11-18-40,4.1799999999999997,170.30000000000001
2014-04-11-18-49,4.0499999999999998,169.09999999999999
2014-04-11-18-59,4.0300000000000002,158.59999999999999
2014-04-11-19-10,3.6099999999999999,159.40000000000001
2014-04-11-19-20,4.7999999999999998,157.19999999999999
2014-04-11-19-30,6.1200000000000001,161.09999999999999
2014-04-11-19-40,5.25,156.40000000000001
2014-04-11-19-50,4.5099999999999998,153.19999999999999
2014-04-11-20-00,3.6800000000000002,150.40000000000001
2014-04-11-20-10,3.9100000000000001,145.80000000000001
2014-04-11-20-19,3.9900000000000002,149.59999999999999
2014-04-11-20-29,4.0700000000000003,151.19999999999999
2014-04-11-20-40,3.7599999999999998,157.40000000000001
2014-04-11-20-50,3.6099999999999999,149.69999999999999
2014-04-11-21-00,4.3300000000000001,161.19999999999999
2014-04-11-21-10,4.9699999999999998,162.5
2014-04-11-21-20,4.9100000000000001,158.59999999999999
2014-04-11-21-30,4.9000000000000004,160.59999999999999
2014-04-11-21-40,4.0099999999999998,165.40000000000001
2014-04-11-21-49,3.2999999999999998,165.59999999999999
2014-04-11-21-59,2.7400000000000002,162.59999999999999
2014-04-11-22-10,2.2599999999999998,180.80000000000001
2014-04-11-22-20,1.9099999999999999,207.0
2014-04-11-22-30,4.2000000000000002,261.30000000000001
2014-04-11-22-40,2.21,269.10000000000002
2014-04-11-22-50,1.0600000000000001,270.60000000000002
2014-04-11-23-10,1.0900000000000001,116.09999999999999
2014-04-11-23-19,0.67000000000000004,129.69999999999999
2014-04-11-23-29,0.62,147.19999999999999
2014-04-11-23-40,0.38,192.59999999999999
2014-04-11-23-50,1.97,291.39999999999998
2014-04-12-00-00,1.3300000000000001,218.80000000000001
2014-04-12-00-10,2.3999999999999999,163.5
2014-04-12-00-20,2.25,166.30000000000001
2014-04-12-00-30,2.2200000000000002,191.30000000000001
2014-04-12-00-40,1.4299999999999999,202.59999999999999
2014-04-12-00-49,2.04,198.90000000000001
2014-04-12-00-59,2.52,205.59999999999999
2014-04-12-01-10,2.73,204.5
2014-04-12-01-20,3.0899999999999999,210.09999999999999
2014-04-12-01-30,2.5099999999999998,199.19999999999999
2014-04-12-01-40,3.0099999999999998,202.59999999999999
2014-04-12-01-50,2.98,212.69999999999999
2014-04-12-02-00,3.0600000000000001,212.69999999999999
2014-04-12-02-10,2.75,225.69999999999999
2014-04-12-02-19,2.52,224.59999999999999
2014-04-12-02-29,2.23,208.5
2014-04-12-02-40,2.4900000000000002,200.90000000000001
2014-04-12-02-50,2.2400000000000002,212.69999999999999
2014-04-12-03-00,2.23,240.5
2014-04-12-03-10,2.6099999999999999,217.5
2014-04-12-03-20,2.4700000000000002,220.5
2014-04-12-03-30,2.8599999999999999,233.69999999999999
2014-04-12-03-40,2.27,231.0
2014-04-12-03-49,2.4900000000000002,229.59999999999999
2014-04-12-03-59,2.4199999999999999,231.5
2014-04-12-04-10,2.3900000000000001,222.80000000000001
2014-04-12-04-20,2.2799999999999998,222.69999999999999
2014-04-12-04-30,2.3700000000000001,238.80000000000001
2014-04-12-04-40,2.0299999999999998,239.0
2014-04-12-04-50,2.3700000000000001,217.90000000000001
2014-04-12-05-00,2.8799999999999999,251.90000000000001
2014-04-12-05-10,1.8400000000000001,242.80000000000001
2014-04-12-05-19,1.51,282.19999999999999
2014-04-12-05-29,1.53,243.69999999999999
2014-04-12-05-40,0.84999999999999998,224.0
2014-04-12-05-50,1.8200000000000001,226.40000000000001
2014-04-12-06-00,1.4399999999999999,227.19999999999999
2014-04-12-06-10,2.2799999999999998,230.69999999999999
2014-04-12-06-20,2.04,282.80000000000001
2014-04-12-06-30,3.3799999999999999,315.10000000000002
2014-04-12-06-40,2.5499999999999998,330.5
2014-04-12-06-49,2.6499999999999999,318.89999999999998
2014-04-12-06-59,2.7400000000000002,328.80000000000001
2014-04-12-07-10,3.2000000000000002,329.19999999999999
2014-04-12-07-20,4.6200000000000001,347.30000000000001
2014-04-12-07-30,4.6100000000000003,338.60000000000002
2014-04-12-07-40,5.6100000000000003,346.66000000000003
2014-04-12-07-50,4.7000000000000002,342.69999999999999
2014-04-12-08-00,4.0099999999999998,338.80000000000001
2014-04-12-08-10,3.3900000000000001,321.0
2014-04-12-08-19,2.6099999999999999,323.69999999999999
2014-04-12-08-29,2.9100000000000001,310.60000000000002
2014-04-12-08-40,2.1800000000000002,291.39999999999998
2014-04-12-08-50,2.6899999999999999,288.0
2014-04-12-09-00,2.75,291.30000000000001
2014-04-12-09-10,2.8700000000000001,287.10000000000002
2014-04-12-09-20,2.3199999999999998,295.0
2014-04-12-09-30,1.6100000000000001,294.69999999999999
2014-04-12-09-40,1.6799999999999999,269.0
2014-04-12-09-49,2.1899999999999999,277.39999999999998
2014-04-12-09-59,1.46,283.5
2014-04-12-10-10,1.04,258.60000000000002
2014-04-12-10-20,1.5700000000000001,298.60000000000002
2014-04-12-10-30,2.23,308.10000000000002
2014-04-12-10-40,2.5499999999999998,295.10000000000002
2014-04-12-10-50,3.4300000000000002,289.39999999999998
2014-04-12-11-00,3.4300000000000002,294.0
2014-04-12-11-10,4.3300000000000001,298.89999999999998
2014-04-12-11-19,3.7000000000000002,302.80000000000001
2014-04-12-11-29,3.3799999999999999,291.89999999999998
2014-04-12-11-40,3.1600000000000001,290.39999999999998
2014-04-12-11-50,3.3599999999999999,291.19999999999999
2014-04-12-12-00,3.75,294.80000000000001
2014-04-12-12-10,3.6499999999999999,296.19999999999999
2014-04-12-12-20,3.71,298.89999999999998
2014-04-12-12-30,2.9300000000000002,298.5
2014-04-12-12-40,2.75,293.39999999999998
2014-04-12-12-49,2.54,292.80000000000001
2014-04-12-12-59,2.5,293.60000000000002
2014-04-12-13-10,2.6800000000000002,296.89999999999998
2014-04-12-13-20,2.71,308.30000000000001
2014-04-12-13-30,2.8199999999999998,312.19999999999999
2014-04-12-13-40,2.4199999999999999,320.80000000000001
2014-04-12-13-50,2.71,338.69999999999999
2014-04-12-14-00,2.5299999999999998,328.39999999999998
2014-04-12-14-10,2.1899999999999999,329.19999999999999
2014-04-12-14-19,2.1800000000000002,312.10000000000002
2014-04-12-14-29,1.9399999999999999,304.19999999999999
2014-04-12-14-40,1.5700000000000001,301.80000000000001
2014-04-12-14-50,1.25,260.5
2014-04-12-15-00,1.1699999999999999,264.10000000000002
2014-04-12-15-10,1.01,231.59999999999999
2014-04-12-15-20,1.5800000000000001,210.30000000000001
2014-04-12-15-30,1.7,195.09999999999999
2014-04-12-15-40,2.1400000000000001,199.40000000000001
2014-04-12-15-49,3.0600000000000001,210.90000000000001
2014-04-12-15-59,3.2200000000000002,205.40000000000001
2014-04-12-16-10,3.3999999999999999,201.40000000000001
2014-04-12-16-20,3.2599999999999998,191.30000000000001
2014-04-12-16-30,4.0800000000000001,190.5
2014-04-12-16-40,4.0300000000000002,192.90000000000001
2014-04-12-16-50,4.25,194.09999999999999
2014-04-12-17-00,4.5300000000000002,187.80000000000001
2014-04-12-17-10,4.54,185.30000000000001
2014-04-12-17-19,4.7599999999999998,182.40000000000001
2014-04-12-17-29,4.9299999999999997,177.19999999999999
2014-04-12-17-40,4.71,175.40000000000001
2014-04-12-17-50,5.0499999999999998,166.19999999999999
2014-04-12-18-00,4.2199999999999998,151.69999999999999
2014-04-12-18-10,4.3399999999999999,152.0
2014-04-12-18-20,5.1200000000000001,158.80000000000001
2014-04-12-18-30,4.9100000000000001,159.59999999999999
2014-04-12-18-40,4.7999999999999998,159.0
2014-04-12-18-49,4.5099999999999998,160.40000000000001
2014-04-12-18-59,4.6500000000000004,165.30000000000001
2014-04-12-19-10,5.75,172.19999999999999
2014-04-12-19-20,5.5599999999999996,166.90000000000001
2014-04-12-19-30,4.54,165.09999999999999
2014-04-12-19-40,4.0800000000000001,172.5
2014-04-12-19-50,4.6500000000000004,171.19999999999999
2014-04-12-20-00,5.21,174.69999999999999
2014-04-12-20-10,6.0499999999999998,173.80000000000001
2014-04-12-20-19,5.3799999999999999,172.09999999999999
2014-04-12-20-29,4.6699999999999999,173.40000000000001
2014-04-12-20-40,5.0499999999999998,175.30000000000001
2014-04-12-20-50,4.6299999999999999,173.19999999999999
2014-04-12-21-00,4.6399999999999997,174.80000000000001
2014-04-12-21-10,5.1900000000000004,169.40000000000001
2014-04-12-21-20,6.2800000000000002,184.0
2014-04-12-21-30,5.4900000000000002,178.19999999999999
2014-04-12-21-40,5.7800000000000002,177.5
2014-04-12-21-49,6.2400000000000002,176.90000000000001
2014-04-12-21-59,5.2699999999999996,171.59999999999999
2014-04-12-22-10,5.9500000000000002,174.90000000000001
2014-04-12-22-20,5.9900000000000002,170.90000000000001
2014-04-12-22-30,5.3099999999999996,164.0
2014-04-12-22-40,7.9000000000000004,168.69999999999999
2014-04-12-22-50,7.3499999999999996,175.19999999999999
2014-04-12-23-00,6.4900000000000002,171.80000000000001
2014-04-12-23-10,6.3200000000000003,172.40000000000001
2014-04-12-23-19,6.4299999999999997,169.80000000000001
2014-04-12-23-29,6.3600000000000003,167.5
2014-04-12-23-40,6.2300000000000004,162.80000000000001
2014-04-12-23-50,6.9299999999999997,172.40000000000001
2014-04-13-00-00,6.0800000000000001,169.30000000000001
2014-04-13-00-10,5.1200000000000001,170.69999999999999
2014-04-13-00-20,5.4100000000000001,174.09999999999999
2014-04-13-00-30,5.1500000000000004,171.40000000000001
2014-04-13-00-40,4.9699999999999998,168.09999999999999
2014-04-13-00-49,4.54,166.0
2014-04-13-00-59,4.54,167.0
2014-04-13-01-10,4.7599999999999998,158.80000000000001
2014-04-13-01-20,4.54,165.69999999999999
2014-04-13-01-30,4.0999999999999996,168.90000000000001
2014-04-13-01-40,3.96,166.59999999999999
2014-04-13-01-50,4.0999999999999996,170.5
2014-04-13-02-00,4.4100000000000001,175.40000000000001
2014-04-13-02-10,4.2599999999999998,178.90000000000001
2014-04-13-02-19,3.8900000000000001,181.09999999999999
2014-04-13-02-29,3.8199999999999998,186.09999999999999
2014-04-13-02-40,4.1600000000000001,184.30000000000001
2014-04-13-02-50,3.7799999999999998,184.09999999999999
2014-04-13-03-00,3.7400000000000002,194.80000000000001
2014-04-13-03-10,3.4500000000000002,200.0
2014-04-13-03-20,3.3999999999999999,205.19999999999999
2014-04-13-03-30,3.0699999999999998,211.69999999999999
2014-04-13-03-40,2.8799999999999999,221.69999999999999
2014-04-13-03-49,3.0299999999999998,212.5
2014-04-13-03-59,2.73,212.69999999999999
2014-04-13-04-10,2.98,215.90000000000001
2014-04-13-04-20,3.23,212.09999999999999
2014-04-13-04-30,3.4700000000000002,209.59999999999999
2014-04-13-04-40,3.3399999999999999,206.19999999999999
2014-04-13-04-50,3.4199999999999999,211.19999999999999
2014-04-13-05-00,3.21,217.0
2014-04-13-05-10,3.0899999999999999,225.19999999999999
2014-04-13-05-19,3.2000000000000002,174.09999999999999
2014-04-13-05-29,3.3399999999999999,224.80000000000001
2014-04-13-05-40,2.2400000000000002,256.5
2014-04-13-05-50,2.6499999999999999,243.30000000000001
2014-04-13-06-00,1.3200000000000001,238.5
2014-04-13-06-10,1.1499999999999999,217.80000000000001
2014-04-13-06-20,1.3200000000000001,238.80000000000001
2014-04-13-06-30,1.4099999999999999,207.5
2014-04-13-06-40,1.45,304.19999999999999
2014-04-13-06-49,1.1200000000000001,283.69999999999999
2014-04-13-06-59,1.0700000000000001,156.09999999999999
2014-04-13-07-10,0.65000000000000002,173.5
2014-04-13-07-20,0.98999999999999999,5.4299999999999997
2014-04-13-07-30,1.23,42.719999999999999
2014-04-13-07-40,0.76000000000000001,266.5
2014-04-13-07-50,2.0699999999999998,233.80000000000001
2014-04-13-08-00,0.82999999999999996,269.80000000000001
2014-04-13-08-10,1.8200000000000001,205.90000000000001
2014-04-13-08-19,1.8500000000000001,214.40000000000001
2014-04-13-08-29,2.1400000000000001,206.40000000000001
2014-04-13-08-40,1.1499999999999999,160.5
2014-04-13-08-50,1.8899999999999999,191.5
2014-04-13-09-00,1.8600000000000001,162.19999999999999
2014-04-13-09-10,1.8400000000000001,143.40000000000001
2014-04-13-09-20,2.8399999999999999,176.09999999999999
2014-04-13-09-30,2.3999999999999999,156.0
2014-04-13-09-40,1.79,148.30000000000001
2014-04-13-09-49,1.73,112.3
2014-04-13-09-59,1.3200000000000001,125.0
2014-04-13-10-10,1.8899999999999999,149.40000000000001
2014-04-13-10-20,1.1899999999999999,140.59999999999999
2014-04-13-10-30,1.9199999999999999,145.59999999999999
2014-04-13-10-40,2.6699999999999999,151.0
2014-04-13-10-50,2.0,146.80000000000001
2014-04-13-11-00,1.7,140.09999999999999
2014-04-13-11-10,3.3599999999999999,145.5
2014-04-13-11-19,3.48,159.90000000000001
2014-04-13-11-29,3.5699999999999998,159.69999999999999
2014-04-13-11-40,3.6699999999999999,166.40000000000001
2014-04-13-11-50,4.21,173.30000000000001
2014-04-13-12-00,3.48,177.59999999999999
2014-04-13-12-10,4.1900000000000004,171.40000000000001
2014-04-13-12-20,5.75,163.90000000000001
2014-04-13-12-30,6.1200000000000001,157.90000000000001
2014-04-13-12-40,4.8200000000000003,146.69999999999999
2014-04-13-12-49,3.8100000000000001,146.30000000000001
2014-04-13-12-59,2.6099999999999999,151.80000000000001
2014-04-13-13-10,1.79,163.09999999999999
2014-04-13-13-20,0.68999999999999995,166.40000000000001
2014-04-13-13-30,1.1299999999999999,151.59999999999999
2014-04-13-13-40,1.6699999999999999,130.5
2014-04-13-13-50,1.1299999999999999,120.59999999999999
2014-04-13-14-10,2.4100000000000001,326.5
2014-04-13-14-19,2.3700000000000001,336.89999999999998
2014-04-13-14-29,1.5700000000000001,333.5
2014-04-13-14-40,0.63,69.799999999999997
2014-04-13-14-50,1.3,125.7
2014-04-13-15-00,2.8300000000000001,119.3
2014-04-13-15-10,3.1699999999999999,117.8
2014-04-13-15-20,1.75,74.599999999999994
2014-04-13-15-30,1.3799999999999999,26.68
2014-04-13-15-40,2.5,16.109999999999999
2014-04-13-15-49,2.3300000000000001,47.780000000000001
2014-04-13-15-59,1.95,58.0
2014-04-13-16-10,2.0699999999999998,32.520000000000003
2014-04-13-16-20,2.4199999999999999,35.299999999999997
2014-04-13-16-30,2.9900000000000002,38.5
2014-04-13-16-40,2.3500000000000001,46.039999999999999
2014-04-13-16-50,2.52,37.590000000000003
2014-04-13-17-00,2.5499999999999998,58.700000000000003
2014-04-13-17-10,1.9099999999999999,64.299999999999997
2014-04-13-17-19,1.8400000000000001,61.100000000000001
2014-04-13-17-29,1.5700000000000001,52.310000000000002
2014-04-13-17-40,1.72,74.200000000000003
2014-04-13-17-50,2.0299999999999998,85.700000000000003
2014-04-13-18-00,2.4399999999999999,99.799999999999997
2014-04-13-18-10,3.3399999999999999,103.8
2014-04-13-18-20,3.23,106.09999999999999
2014-04-13-18-30,3.4100000000000001,104.7
2014-04-13-18-40,4.1699999999999999,115.09999999999999
2014-04-13-18-49,4.9500000000000002,125.09999999999999
2014-04-13-18-59,5.9699999999999998,132.5
2014-04-13-19-10,6.3499999999999996,134.69999999999999
2014-04-13-19-20,6.6399999999999997,138.40000000000001
2014-04-13-19-30,6.8399999999999999,142.40000000000001
2014-04-13-19-40,7.1299999999999999,145.09999999999999
2014-04-13-19-50,7.54,145.40000000000001
2014-04-13-20-00,6.7800000000000002,146.30000000000001
2014-04-13-20-10,7.0199999999999996,145.5
2014-04-13-20-19,8.2200000000000006,149.80000000000001
2014-04-13-20-29,8.5,147.30000000000001
2014-04-13-20-40,8.25,143.69999999999999
2014-04-13-20-50,8.5800000000000001,152.69999999999999
2014-04-13-21-00,7.9699999999999998,145.80000000000001
2014-04-13-21-10,7.8300000000000001,142.19999999999999
2014-04-13-21-20,7.54,152.30000000000001
2014-04-13-21-30,7.25,145.90000000000001
2014-04-13-21-40,7.9000000000000004,154.09999999999999
2014-04-13-21-49,8.1899999999999995,156.90000000000001
2014-04-13-21-59,7.29,153.5
2014-04-13-22-10,7.2800000000000002,151.19999999999999
2014-04-13-22-20,7.29,156.09999999999999
2014-04-13-22-30,7.2800000000000002,156.19999999999999
2014-04-13-22-40,7.6399999999999997,157.09999999999999
2014-04-13-22-50,6.79,163.5
2014-04-13-23-00,5.7300000000000004,165.69999999999999
2014-04-13-23-10,4.5199999999999996,191.19999999999999
2014-04-13-23-19,6.21,173.30000000000001
2014-04-13-23-29,6.7800000000000002,173.19999999999999
2014-04-13-23-40,6.71,181.59999999999999
2014-04-13-23-50,5.4800000000000004,193.69999999999999
2014-04-14-00-00,4.0700000000000003,204.90000000000001
2014-04-14-00-10,2.6200000000000001,243.5
2014-04-14-00-20,2.7599999999999998,197.09999999999999
2014-04-14-00-30,1.76,230.5
2014-04-14-00-40,0.69999999999999996,284.19999999999999
2014-04-14-00-49,0.62,320.89999999999998
2014-04-14-00-59,0.17000000000000001,64.0
2014-04-14-01-10,1.25,126.5
2014-04-14-01-20,1.8600000000000001,135.5
2014-04-14-01-30,1.77,143.0
2014-04-14-01-40,1.0700000000000001,170.5
2014-04-14-01-50,1.0900000000000001,277.69999999999999
2014-04-14-02-00,2.1099999999999999,204.0
2014-04-14-02-10,1.3200000000000001,248.09999999999999
2014-04-14-02-19,0.64000000000000001,314.39999999999998
2014-04-14-02-29,0.94999999999999996,53.560000000000002
2014-04-14-02-40,0.95999999999999996,36.509999999999998
2014-04-14-02-50,0.81000000000000005,48.689999999999998
2014-04-14-03-00,0.73999999999999999,165.30000000000001
2014-04-14-03-10,2.6800000000000002,200.19999999999999
2014-04-14-03-20,3.3900000000000001,192.30000000000001
2014-04-14-03-30,5.0700000000000003,165.90000000000001
2014-04-14-03-40,4.5499999999999998,160.19999999999999
2014-04-14-03-49,4.6900000000000004,163.90000000000001
2014-04-14-03-59,4.7400000000000002,154.69999999999999
2014-04-14-04-10,4.8399999999999999,158.90000000000001
2014-04-14-04-20,4.79,159.5
2014-04-14-04-30,4.9000000000000004,168.59999999999999
2014-04-14-04-40,4.71,161.5
2014-04-14-04-50,4.4699999999999998,174.80000000000001
2014-04-14-05-00,4.2800000000000002,170.5
2014-04-14-05-10,4.0499999999999998,158.80000000000001
2014-04-14-05-19,3.7799999999999998,158.30000000000001
2014-04-14-05-29,4.0800000000000001,157.80000000000001
2014-04-14-05-40,4.5300000000000002,161.0
2014-04-14-05-50,4.2800000000000002,161.30000000000001
2014-04-14-06-00,3.5699999999999998,163.90000000000001
2014-04-14-06-10,4.2800000000000002,187.90000000000001
2014-04-14-06-20,4.7199999999999998,185.30000000000001
2014-04-14-06-30,5.04,188.80000000000001
2014-04-14-06-40,5.3099999999999996,191.0
2014-04-14-06-49,5.2199999999999998,187.30000000000001
2014-04-14-06-59,4.8700000000000001,185.80000000000001
2014-04-14-07-10,5.1200000000000001,189.69999999999999
2014-04-14-07-20,5.1600000000000001,188.09999999999999
2014-04-14-07-30,5.0,192.0
2014-04-14-07-40,4.7400000000000002,189.59999999999999
2014-04-14-07-50,4.8899999999999997,192.5
2014-04-14-08-00,5.2999999999999998,193.90000000000001
2014-04-14-08-10,6.0,195.09999999999999
2014-04-14-08-19,6.2599999999999998,199.69999999999999
2014-04-14-08-29,6.0599999999999996,192.69999999999999
2014-04-14-08-40,5.8799999999999999,196.19999999999999
2014-04-14-08-50,4.9400000000000004,184.09999999999999
2014-04-14-09-00,4.3799999999999999,182.09999999999999
2014-04-14-09-10,4.5499999999999998,180.69999999999999
2014-04-14-09-20,4.8099999999999996,178.59999999999999
2014-04-14-09-30,4.8099999999999996,180.40000000000001
2014-04-14-09-40,5.2699999999999996,180.69999999999999
2014-04-14-09-49,5.1299999999999999,176.59999999999999
2014-04-14-09-59,5.4000000000000004,182.69999999999999
2014-04-14-10-10,5.0099999999999998,184.80000000000001
2014-04-14-10-20,4.2999999999999998,178.09999999999999
2014-04-14-10-30,3.9300000000000002,171.19999999999999
2014-04-14-10-40,4.1299999999999999,175.09999999999999
2014-04-14-10-50,3.3300000000000001,169.59999999999999
2014-04-14-11-00,4.5099999999999998,175.40000000000001
2014-04-14-11-10,3.73,188.0
2014-04-14-11-19,5.1600000000000001,195.0
2014-04-14-11-29,6.3499999999999996,200.09999999999999
2014-04-14-11-40,6.4699999999999998,203.0
2014-04-14-11-50,5.5599999999999996,211.69999999999999
2014-04-14-12-00,7.0599999999999996,210.69999999999999
2014-04-14-12-10,7.0499999999999998,210.40000000000001
2014-04-14-12-20,6.8499999999999996,209.90000000000001
2014-04-14-12-30,5.6200000000000001,204.09999999999999
2014-04-14-12-40,4.8300000000000001,202.40000000000001
2014-04-14-12-49,6.5099999999999998,207.40000000000001
2014-04-14-12-59,8.0700000000000003,203.30000000000001
2014-04-14-13-10,8.1799999999999997,201.5
2014-04-14-13-20,8.4000000000000004,203.5
2014-04-14-13-30,8.6799999999999997,210.19999999999999
2014-04-14-13-40,7.29,204.19999999999999
2014-04-14-13-50,7.5899999999999999,202.09999999999999
2014-04-14-14-00,7.2999999999999998,203.09999999999999
2014-04-14-14-10,6.75,199.69999999999999
2014-04-14-14-19,6.6200000000000001,196.59999999999999
2014-04-14-14-29,6.2999999999999998,192.69999999999999
2014-04-14-14-40,5.9500000000000002,187.19999999999999
2014-04-14-14-50,5.2800000000000002,182.5
2014-04-14-15-00,6.4299999999999997,184.09999999999999
2014-04-14-15-10,6.4699999999999998,186.5
2014-04-14-15-20,7.5499999999999998,187.90000000000001
2014-04-14-15-30,7.5599999999999996,192.0
2014-04-14-15-40,7.0700000000000003,184.30000000000001
2014-04-14-15-49,7.4100000000000001,190.69999999999999
2014-04-14-15-59,7.3899999999999997,192.19999999999999
2014-04-14-16-10,7.2000000000000002,186.80000000000001
2014-04-14-16-20,7.3099999999999996,184.40000000000001
2014-04-14-16-30,7.21,188.09999999999999
2014-04-14-16-40,7.3799999999999999,189.19999999999999
2014-04-14-16-50,7.0599999999999996,187.19999999999999
2014-04-14-17-00,6.7699999999999996,190.5
2014-04-14-17-10,6.2599999999999998,196.19999999999999
2014-04-14-17-19,7.79,189.09999999999999
2014-04-14-17-29,7.5499999999999998,182.40000000000001
2014-04-14-17-40,7.1699999999999999,176.40000000000001
2014-04-14-17-50,6.1500000000000004,179.30000000000001
2014-04-14-18-00,7.0899999999999999,196.80000000000001
2014-04-14-18-10,8.0800000000000001,198.30000000000001
2014-04-14-18-20,8.8300000000000001,195.30000000000001
2014-04-14-18-30,8.4600000000000009,192.69999999999999
2014-04-14-18-40,7.9400000000000004,193.80000000000001
2014-04-14-18-49,8.4199999999999999,196.0
2014-04-14-18-59,9.1099999999999994,202.5
2014-04-14-19-10,10.130000000000001,207.30000000000001
2014-04-14-19-20,9.4800000000000004,206.69999999999999
2014-04-14-19-30,9.9100000000000001,206.40000000000001
2014-04-14-19-40,10.039999999999999,204.09999999999999
2014-04-14-19-50,10.199999999999999,200.90000000000001
2014-04-14-20-00,9.6400000000000006,201.09999999999999
2014-04-14-20-10,9.1999999999999993,201.0
2014-04-14-20-19,8.7100000000000009,201.59999999999999
2014-04-14-20-29,8.8100000000000005,198.69999999999999
2014-04-14-20-40,8.5999999999999996,195.59999999999999
2014-04-14-20-50,8.1899999999999995,195.69999999999999
2014-04-14-21-00,8.2599999999999998,196.69999999999999
2014-04-14-21-10,8.7799999999999994,199.40000000000001
2014-04-14-21-20,7.4500000000000002,194.0
2014-04-14-21-30,7.2300000000000004,188.80000000000001
2014-04-14-21-40,7.3300000000000001,187.80000000000001
2014-04-14-21-49,8.2799999999999994,188.80000000000001
2014-04-14-21-59,6.9000000000000004,180.0
2014-04-14-22-10,6.7599999999999998,172.90000000000001
2014-04-14-22-20,7.3700000000000001,181.59999999999999
2014-04-14-22-30,6.5999999999999996,180.5
2014-04-14-22-40,5.9400000000000004,175.69999999999999
2014-04-14-22-50,7.3200000000000003,183.30000000000001
2014-04-14-23-00,8.3900000000000006,190.09999999999999
2014-04-14-23-10,8.4800000000000004,198.40000000000001
2014-04-14-23-19,7.6799999999999997,199.90000000000001
2014-04-14-23-29,7.4800000000000004,199.5
2014-04-14-23-40,6.8399999999999999,191.0
2014-04-14-23-50,7.6399999999999997,194.30000000000001
2014-04-15-00-00,7.5499999999999998,194.19999999999999
